Symbol,Name,Last,Change,%Chg,High,Low,Volume,Time
A,"Agilent Technologies",84.57,-1.38,-1.61%,85.33,84.5,1118300,01/03/20
AAL,"American Airlines Gp",27.65,-1.44,-4.95%,28.29,27.34,14020000,01/03/20
AAP,"Advance Auto Parts Inc",159.42,0.01,+0.01%,159.63,157.25,566900,01/03/20
AAPL,"Apple Inc",297.43,-2.92,-0.97%,300.58,296.5,36633801,01/03/20
ABBV,"Abbvie Inc",88.7,-0.85,-0.95%,89.39,87.9,5989400,01/03/20
ABC,"Amerisourcebergen Corp",84.01,-1.07,-1.26%,85.07,83.27,801500,01/03/20
ABMD,"Abiomed Inc",166.82,-1.99,-1.18%,169.32,165.24,746100,01/03/20
ABT,"Abbott Laboratories",85.89,-1.06,-1.22%,86.67,85.59,4747000,01/03/20
ACN,"Accenture Plc",209.8,-0.35,-0.17%,210.63,207,1802000,01/03/20
ADBE,"Adobe Systems Inc",331.81,-2.62,-0.78%,332.98,328.69,1579300,01/03/20
ADI,"Analog Devices",118.31,-2.12,-1.76%,119.67,117.73,1374300,01/03/20
ADM,"Archer Daniels Midland",46.02,-0.09,-0.20%,46.19,45.72,2259400,01/03/20
ADP,"Automatic Data Procs",169.96,-0.36,-0.21%,170.45,168.06,1000000,01/03/20
ADS,"Alliance Data Systems Corp",110.38,-2.1,-1.87%,111.69,108.02,570500,01/03/20
ADSK,"Autodesk Inc",184.95,-2.88,-1.53%,186.41,183.78,737800,01/03/20
AEE,"Ameren Corp",76.08,0.03,+0.04%,76.55,75.84,1239900,01/03/20
AEP,"American Electric Power Company",93.36,-0.1,-0.11%,94.04,93.1,1939400,01/03/20
AES,"The Aes Corp",19.8,-0.23,-1.15%,20.04,19.74,5349400,01/03/20
AFL,"Aflac Incorporated",52.98,-0.37,-0.69%,53.22,52.77,2125400,01/03/20
AGN,"Allergan Plc",191.08,-1.16,-0.60%,192,190.25,2088500,01/03/20
AIG,"American International Group",51.36,-0.4,-0.77%,51.47,50.94,2358700,01/03/20
AIV,"Apartment Investment and Management",51.38,0.8,+1.58%,51.61,50.29,1101500,01/03/20
AIZ,"Assurant Inc",132.99,0.63,+0.48%,133.05,131.01,280200,01/03/20
AJG,"Arthur J. Gallagher & Company",95.31,-0.2,-0.21%,95.52,94.29,678100,01/03/20
AKAM,"Akamai Technologies",87.24,-0.4,-0.46%,87.5,86.4,865900,01/03/20
ALB,"Albemarle Corp",71.57,-1.04,-1.43%,72.39,71.22,1337600,01/03/20
ALGN,"Align Technology",280.44,-3.24,-1.14%,282.02,278.68,488700,01/03/20
ALK,"Alaska Air Group",66.92,-1.25,-1.83%,67.11,66.02,1404600,01/03/20
ALL,"Allstate Corp",112.83,0.01,+0.01%,113.1,111.77,1047100,01/03/20
ALLE,"Allegion Plc",123.84,-1.55,-1.24%,124.9,122.83,480500,01/03/20
ALXN,"Alexion Pharm Inc",106.41,-1.43,-1.33%,107.38,105.18,1316100,01/03/20
AMAT,"Applied Materials",61.21,-0.99,-1.59%,61.73,60.56,5416100,01/03/20
AMCR,"Amcor Plc",10.49,-0.14,-1.32%,10.63,10.31,9447300,01/03/20
AMD,"Adv Micro Devices",48.6,-0.5,-1.02%,49.39,47.54,73362094,01/03/20
AME,"Amtek Inc",100.94,0.14,+0.14%,101.03,99.19,785400,01/03/20
AMGN,"Amgen Inc",238.47,-1.63,-0.68%,240.26,236.24,1879000,01/03/20
AMP,"Ameriprise Financial Services",167.12,-2.11,-1.25%,168.21,165.79,581300,01/03/20
AMT,"American Tower Corp",228.61,0.11,+0.05%,229.83,227,1598800,01/03/20
AMZN,"Amazon.com Inc",1874.97,-23.04,-1.21%,1886.2,1864.5,3766600,01/03/20
ANET,"Arista Networks Inc",200.85,-3.87,-1.89%,203.83,198.48,766900,01/03/20
ANSS,"Ansys Inc",256.97,-2.62,-1.01%,258.11,253.75,468300,01/03/20
ANTM,"Anthem Inc",296.88,-3.99,-1.33%,299.53,293.68,986700,01/03/20
AON,"AON Plc",207.97,-0.82,-0.39%,208.91,207.01,501600,01/03/20
AOS,"Smith [A.O.] Corp",47.35,-0.42,-0.88%,47.5,46.75,883200,01/03/20
APA,"Apache Corp",25.69,0.33,+1.30%,26.14,25.53,5940700,01/03/20
APD,"Air Products and Chemicals",226,-5.14,-2.22%,230.27,225.98,1710300,01/03/20
APH,"Amphenol Corp",108.09,-1.14,-1.04%,108.3,107.44,698900,01/03/20
APTV,"Aptiv Plc",94.1,-2.21,-2.29%,94.82,93.6,960500,01/03/20
ARE,"Alexandria Real Estate Equities",160.64,0.91,+0.57%,161.36,158.5,371300,01/03/20
ARNC,"Arconic Inc",31.49,-0.05,-0.16%,31.53,30.92,1985800,01/03/20
ATO,"Atmos Energy Corp",111.11,0.73,+0.66%,111.32,110.06,724200,01/03/20
ATVI,"Activision Blizzard",58.67,0.02,+0.03%,58.93,57.65,4466800,01/03/20
AVB,"Avalonbay Communities",209.23,1.99,+0.96%,209.57,206.31,672000,01/03/20
AVGO,"Broadcom Ltd",314.19,-8.2,-2.54%,320,314.08,2287600,01/03/20
AVY,"Avery Dennison Corp",128.51,-0.8,-0.62%,129.24,127.32,605800,01/03/20
AWK,"American Water Works",120.98,0.78,+0.65%,122.12,120.44,869300,01/03/20
AXP,"American Express Company",124.6,-1.25,-0.99%,125.1,123.94,2090600,01/03/20
AZO,Autozone,1187.98,-1.76,-0.15%,1190.31,1175.74,188700,01/03/20
BA,"Boeing Company",332.76,-0.56,-0.17%,334.89,330.3,3878300,01/03/20
BAC,"Bank of America Corp",34.9,-0.74,-2.08%,35.15,34.76,50763602,01/03/20
BAX,"Baxter International Inc",85.5,-0.37,-0.43%,85.76,84.39,1871700,01/03/20
BBY,"Best Buy Company",87.18,-0.13,-0.15%,87.64,85.91,1713500,01/03/20
BDX,"Becton Dickinson and Company",269.59,-2.95,-1.08%,271.03,268.41,1562900,01/03/20
BEN,"Franklin Resources",25.09,-0.52,-2.03%,25.33,24.87,3735600,01/03/20
BF.B,"Brown Forman Inc Cl B",67.34,0.28,+0.42%,67.56,66.62,739800,01/03/20
BIIB,"Biogen Inc",290.85,-3.39,-1.15%,292.68,290.22,700600,01/03/20
BK,"Bank of New York Mellon Corp",50.27,-0.65,-1.28%,50.43,49.8,2276000,01/03/20
BKNG,"Booking Holdings Inc",2065.48,-9.1,-0.44%,2067.69,2035,293900,01/03/20
BKR,"Baker Hughes A Ge Co. Cl A",25.64,0.03,+0.12%,25.99,25.36,3125700,01/03/20
BLK,Blackrock,503.57,-5.41,-1.06%,506.7,501.52,337300,01/03/20
BLL,"Ball Corp",64.77,0.89,+1.39%,65.11,63.35,2370900,01/03/20
BMY,"Bristol-Myers Squibb Company",62.78,-0.56,-0.88%,63.33,62.55,12986699,01/03/20
BR,"Broadridge Financial Solutions Llc",123.88,0.1,+0.08%,123.99,121.9,359100,01/03/20
BRK.B,"Berkshire Hathaway Cl B",226.18,-2.21,-0.97%,227.43,225.48,3024000,01/03/20
BSX,"Boston Scientific Corp",44.98,-0.35,-0.77%,45.21,44.35,4704200,01/03/20
BWA,"Borgwarner Inc",42.36,-1.59,-3.62%,43.35,42.22,1050600,01/03/20
BXP,"Boston Properties",136.64,1.06,+0.78%,136.87,134.42,456800,01/03/20
C,"Citigroup Inc",79.7,-1.53,-1.88%,80.51,79.45,12657000,01/03/20
CAG,"Conagra Brands Inc",33.34,-0.29,-0.86%,33.99,33.31,3054200,01/03/20
CAH,"Cardinal Health",49.36,-0.73,-1.46%,49.8,49.14,1876200,01/03/20
CAT,"Caterpillar Inc",148.44,-2.09,-1.39%,149.96,147.45,3100500,01/03/20
CB,"Chubb Ltd",155.78,-0.24,-0.15%,156,154.13,1175900,01/03/20
CBOE,"CBOE Global Markets Inc",121.33,1.81,+1.51%,122.12,119.03,599700,01/03/20
CBRE,"CBRE Group Inc",60.97,-0.51,-0.83%,61.28,60,1213300,01/03/20
CCI,"Crown Castle International Corp",142.46,0.78,+0.55%,142.7,140.1,1254500,01/03/20
CCL,"Carnival Corp",49.89,-1.42,-2.77%,50.4,49.56,4892300,01/03/20
CDNS,"Cadence Design Sys",70.42,-1.02,-1.43%,70.99,70.06,1317500,01/03/20
CDW,"CDW Corp",142.15,-1.73,-1.20%,143.44,141.81,883100,01/03/20
CE,"Celanese Corp",119.78,-1.65,-1.36%,120.74,119.7,770800,01/03/20
CERN,"Cerner Corp",73.83,0.21,+0.29%,73.88,72.81,1451600,01/03/20
CF,"Cf Industries Holdings",46.08,-0.32,-0.69%,47.21,45.97,2349500,01/03/20
CFG,"Citizens Financial Group Inc/Ri",39.91,-0.84,-2.06%,40.16,39.54,2768100,01/03/20
CHD,"Church & Dwight Company",70.27,0.24,+0.34%,70.42,69.54,1224200,01/03/20
CHRW,"C.H. Robinson Ww",77.74,-0.09,-0.12%,77.8,76.78,891900,01/03/20
CHTR,"Charter Communicatio",494.47,4.04,+0.82%,496.59,485.53,974100,01/03/20
CI,"Cigna Corp",203.18,-1.76,-0.86%,204.39,200.8,1387200,01/03/20
CINF,"Cincinnati Financial",106.5,0.54,+0.51%,106.61,105.31,461800,01/03/20
CL,"Colgate-Palmolive Company",68.02,-0.1,-0.15%,68.47,67.68,3473800,01/03/20
CLX,"Clorox Company",152.91,0.3,+0.20%,153.88,151.24,809800,01/03/20
CMA,"Comerica Inc",70.66,-1.09,-1.52%,70.84,69.59,1143400,01/03/20
CMCSA,"Comcast Corp A",45.01,-0.36,-0.79%,45.22,44.57,20496398,01/03/20
CME,"CME Group Inc",204.55,2.7,+1.34%,205.05,201.1,1184900,01/03/20
CMG,"Chipotle Mexican Grill",865.13,6.94,+0.81%,870.94,853.24,422800,01/03/20
CMI,"Cummins Inc",176.81,-2.51,-1.40%,177.18,174.38,1017600,01/03/20
CMS,"Cms Energy Corp",62.31,0.6,+0.97%,62.7,61.66,2074700,01/03/20
CNC,"Centene Corp",61.16,-0.72,-1.16%,62.12,60.74,4964900,01/03/20
CNP,"Centerpoint Energy Inc",26.79,-0.16,-0.59%,26.94,26.73,3405400,01/03/20
COF,"Capital One Financial Corp",102,-1.61,-1.55%,102.51,101.32,1450000,01/03/20
COG,"Cabot Oil & Gas Corp",17.28,0.05,+0.29%,17.54,17.14,6896200,01/03/20
COO,"Cooper Companies",322.3,-1.02,-0.32%,322.96,318.26,197300,01/03/20
COP,Conocophillips,65.7,0.24,+0.37%,67.13,65.07,6334200,01/03/20
COST,"Costco Wholesale",291.73,0.24,+0.08%,292.9,289.33,1926600,01/03/20
COTY,"Coty Inc",11.06,0.01,+0.09%,11.1,10.9,4053300,01/03/20
CPB,"Campbell Soup Company",48.43,-0.06,-0.12%,48.62,48.31,1658300,01/03/20
CPRI,"Capri Holdings Ltd",37.38,-0.9,-2.35%,37.97,37.16,1873900,01/03/20
CPRT,"Copart Inc",92.66,-0.82,-0.88%,92.78,91.12,1256100,01/03/20
CRM,"Salesforce.com Inc",166.17,-0.82,-0.49%,166.77,165,3205500,01/03/20
CSCO,"Cisco Systems Inc",47.63,-0.79,-1.63%,48.13,47.48,15587700,01/03/20
CSX,"CSX Corp",72.89,-0.3,-0.41%,72.94,71.63,3326300,01/03/20
CTAS,"Cintas Corp",269.57,-1.22,-0.45%,271.98,267.07,493100,01/03/20
CTL,Centurylink,12.59,-0.33,-2.55%,12.86,12.51,11252899,01/03/20
CTSH,"Cognizant Tech Sol",61.36,-0.56,-0.90%,61.54,60.89,2535600,01/03/20
CTVA,"Corteva Inc",28.4,-0.34,-1.18%,28.9,28.36,5611300,01/03/20
CTXS,"Citrix Systems Inc",111.82,0.15,+0.13%,111.97,110.36,1107000,01/03/20
CVS,"CVS Corp",73.57,-0.59,-0.80%,74.06,73.07,4454000,01/03/20
CVX,"Chevron Corp",121.01,-0.42,-0.35%,122.72,120.74,6361000,01/03/20
CXO,"Concho Resources Inc",90.2,3.25,+3.74%,90.4,87.97,2580800,01/03/20
D,"Dominion Resources",81.76,-0.2,-0.24%,82.55,81.73,2840700,01/03/20
DAL,"Delta Air Lines Inc",58.06,-0.98,-1.66%,58.12,56.91,9079700,01/03/20
DD,"Du Pont De.Nemours Inc",62.16,-1.34,-2.11%,62.95,61.88,6005500,01/03/20
DE,"Deere & Company",175.55,-1.31,-0.74%,175.76,173.55,1301100,01/03/20
DFS,"Discover Financial Services",83.88,-1.42,-1.66%,84.43,83.35,1068300,01/03/20
DG,"Dollar General Corp",155.39,-1.15,-0.73%,156.36,154.66,1715400,01/03/20
DGX,"Quest Diagnostics Inc",105.11,-0.62,-0.59%,105.7,104.09,679100,01/03/20
DHI,"D.R. Horton",52.96,0.39,+0.74%,53.22,52.4,4330400,01/03/20
DHR,"Danaher Corp",154.15,-0.96,-0.62%,155.31,152.43,2329000,01/03/20
DIS,"Walt Disney Company",146.5,-1.7,-1.15%,147.9,146.05,7321800,01/03/20
DISCA,"Discovery Comm A",32.03,-0.19,-0.59%,32.23,31.77,3599600,01/03/20
DISCK,"Discovery Comm Inc",30.01,-0.17,-0.56%,30.22,29.78,1900300,01/03/20
DISH,"Dish Network Corp",35.88,0.15,+0.41%,35.95,35.28,1277500,01/03/20
DLR,"Digital Realty Trust",119.94,1.94,+1.64%,120.18,117.08,869300,01/03/20
DLTR,"Dollar Tree Inc",93.03,-0.75,-0.80%,93.58,92.5,2103400,01/03/20
DOV,"Dover Corp",115.78,-1.09,-0.93%,115.92,114.63,587300,01/03/20
DOW,"Dow Inc",52.42,-1.33,-2.47%,53.6,52.41,5004300,01/03/20
DRE,"Duke Realty Corp",35,0.63,+1.83%,35.04,34.1,3005200,01/03/20
DRI,"Darden Restaurants",112.38,0.12,+0.11%,112.51,110.88,1371300,01/03/20
DTE,"Dte Energy Company",129.01,0.31,+0.24%,129.66,128.4,1163900,01/03/20
DUK,"Duke Energy Corp",90.4,0.06,+0.07%,91.07,90.15,2825400,01/03/20
DVA,"Davita Healthcare Partners Inc",75.08,-0.17,-0.23%,75.33,74.13,937700,01/03/20
DVN,"Devon Energy Corp",26.1,0.31,+1.20%,26.53,25.92,6984100,01/03/20
DXC,"Dxc Technology Company",35.23,-1.53,-4.16%,36.26,35.22,4046100,01/03/20
EA,"Electronic Arts Inc",107.2,-0.14,-0.13%,107.75,105.12,1840400,01/03/20
EBAY,"Ebay Inc",35.96,-0.34,-0.94%,36.1,35.78,3960800,01/03/20
ECL,"Ecolab Inc",189.32,-0.91,-0.48%,191.54,187.36,1251000,01/03/20
ED,"Consolidated Edison Company of New York",88.63,-0.23,-0.26%,89.23,88.46,1379600,01/03/20
EFX,"Equifax Inc",142.87,0.48,+0.34%,143.05,140.19,710600,01/03/20
EIX,"Edison International",74.78,0.4,+0.54%,74.87,74.13,1459300,01/03/20
EL,"Estee Lauder Companies",204.7,-1.56,-0.76%,206.55,203.73,1076100,01/03/20
EMN,"Eastman Chemical Company",75.95,-2.72,-3.46%,77.58,75.93,1461400,01/03/20
EMR,"Emerson Electric Company",76.42,-1.06,-1.37%,76.51,75.56,2672600,01/03/20
EOG,"Eog Resources",84.99,0.85,+1.01%,86.85,84.06,3716500,01/03/20
EQIX,"Equinix Inc",585.12,5.77,+1.00%,590.36,575.47,385100,01/03/20
EQR,"Equity Residential",80.8,1.03,+1.29%,80.92,79.41,1326600,01/03/20
ES,"Eversource Energy",82.86,-0.37,-0.44%,83.51,82.7,2199100,01/03/20
ESS,"Essex Property Trust",301.2,2.92,+0.98%,301.59,296.5,400700,01/03/20
ETFC,"E*Trade Finl Corp",45.4,-0.69,-1.50%,45.58,44.85,1931600,01/03/20
ETN,"Eaton Corp",95.16,-0.71,-0.74%,95.24,93.71,1557800,01/03/20
ETR,"Entergy Corp",118.73,0.8,+0.68%,118.84,117.41,1422900,01/03/20
EVRG,"Evergy Inc",63.5,0.06,+0.09%,63.78,63.3,956600,01/03/20
EW,"Edwards Lifesciences Corp",231.63,-0.87,-0.37%,232.5,228.32,997800,01/03/20
EXC,"Exelon Corp",45.57,0.14,+0.31%,45.76,45.32,5385500,01/03/20
EXPD,"Expeditors Intl",77.87,-0.48,-0.61%,77.91,76.76,660100,01/03/20
EXPE,"Expedia Group Inc",109.13,-1.85,-1.67%,110.44,108.35,2027000,01/03/20
EXR,"Extra Space Storage Inc",106.52,1.79,+1.71%,106.59,104.4,744900,01/03/20
F,"Ford Motor Company",9.21,-0.21,-2.23%,9.37,9.15,45059902,01/03/20
FANG,"Diamondback Energy",94.41,1.76,+1.90%,95.75,93.43,2168700,01/03/20
FAST,"Fastenal Company",36.57,-0.66,-1.77%,36.82,36.03,4101200,01/03/20
FB,"Facebook Inc",208.67,-1.11,-0.53%,210.4,206.95,11197400,01/03/20
FBHS,"Fortune Brands Home & Security",65.39,-0.42,-0.64%,65.5,64.55,739700,01/03/20
FCX,"Freeport-Mcmoran Inc",12.8,-0.4,-3.03%,13.09,12.79,20404900,01/03/20
FDX,"Fedex Corp",153.18,-1.92,-1.24%,153.34,151.84,2218000,01/03/20
FE,"Firstenergy Corp",47.46,-0.07,-0.15%,47.66,47.32,2970900,01/03/20
FFIV,"F5 Networks Inc",140,-0.76,-0.54%,140.95,138.55,420500,01/03/20
FIS,"Fidelity National Information Services",139.02,-0.88,-0.63%,140.32,137.81,2365700,01/03/20
FISV,"Fiserv Inc",116.37,0.85,+0.74%,116.73,114.5,2833900,01/03/20
FITB,"Fifth Third Bncp",30.44,-0.58,-1.87%,30.62,30.19,4245300,01/03/20
FLIR,"Flir Systems Inc",52.7,-0.05,-0.09%,52.75,51.9,546800,01/03/20
FLS,"Flowserve Corp",49.88,-0.8,-1.58%,50.07,49.42,625800,01/03/20
FLT,"Fleetcor Technologies",290.81,3.07,+1.07%,291.67,283.87,859000,01/03/20
FMC,"FMC Corp",99.23,-0.65,-0.65%,99.42,98.32,835000,01/03/20
FOX,"Fox Corp Cl B",36.1,-0.36,-0.99%,36.35,36.01,940200,01/03/20
FOXA,"Fox Corp Cl A",36.67,-0.4,-1.09%,36.98,36.62,4035800,01/03/20
FRC,"First Republic Bank",117.67,-0.31,-0.26%,117.81,116.39,526700,01/03/20
FRT,"Federal Realty Investment Trust",126.14,0.86,+0.69%,126.32,124.36,475200,01/03/20
FTI,"Technipfmc Plc",21.58,0.25,+1.17%,21.64,21.29,2749100,01/03/20
FTNT,"Fortinet Inc",111.21,1.53,+1.39%,111.53,108.1,1328700,01/03/20
FTV,"Fortive Corp",77.23,-0.32,-0.41%,77.35,76.03,1143400,01/03/20
GD,"General Dynamics Corp",180.18,1.75,+0.98%,180.43,178,1662300,01/03/20
GE,"General Electric Company",11.97,0.04,+0.34%,12,11.53,85917102,01/03/20
GILD,"Gilead Sciences Inc",65.07,-0.16,-0.25%,65.37,64.56,4689700,01/03/20
GIS,"General Mills",51.94,-0.19,-0.36%,52.51,51.82,4718800,01/03/20
GL,"Globe Life Inc",104.3,-1.26,-1.19%,104.64,103.73,392600,01/03/20
GLW,"Corning Inc",29.6,-0.39,-1.30%,29.73,29.31,6977600,01/03/20
GM,"General Motors Company",36.32,-1.06,-2.84%,36.92,36.11,9176000,01/03/20
GOOG,"Alphabet Cl C",1360.66,-6.71,-0.49%,1372.5,1345.54,1187000,01/03/20
GOOGL,"Alphabet Cl A",1361.52,-7.16,-0.52%,1373.75,1347.32,1170600,01/03/20
GPC,"Genuine Parts Company",104.31,-1.5,-1.42%,104.88,103.06,799000,01/03/20
GPN,"Global Payments Inc",184.4,-1.27,-0.68%,185.8,182.27,1310800,01/03/20
GPS,"Gap Inc",17.44,0.16,+0.93%,17.5,17.02,4817200,01/03/20
GRMN,"Garmin Ltd",97.71,-0.63,-0.64%,98.17,97.27,503800,01/03/20
GS,"Goldman Sachs Group",231.58,-2.74,-1.17%,232.61,230.3,2276000,01/03/20
GWW,"W.W. Grainger",340.66,-4.05,-1.17%,342.26,335.01,355300,01/03/20
HAL,"Halliburton Company",24.76,0.08,+0.32%,25.45,24.58,11563801,01/03/20
HAS,"Hasbro Inc",105.05,-0.28,-0.27%,105.5,103.64,708000,01/03/20
HBAN,"Huntington Bcshs",14.81,-0.18,-1.20%,14.85,14.6,7858600,01/03/20
HBI,"Hanesbrands Inc",14.41,-0.16,-1.10%,14.5,14.24,5653500,01/03/20
HCA,"Hca Holdings Inc",147.94,0.45,+0.31%,148.36,144.8,1191700,01/03/20
HD,"Home Depot",218.93,-0.73,-0.33%,219.68,216.75,3425700,01/03/20
HES,"Hess Corp",69.84,2.12,+3.13%,70.29,68.52,2925500,01/03/20
HFC,"Hollyfrontier Corp",48.18,-3.21,-6.25%,51.75,47.66,3178400,01/03/20
HIG,"Hartford Financial Services Group",60.64,-0.31,-0.51%,60.77,60.29,1326800,01/03/20
HII,"Huntington Ingalls Industries",263.5,7.65,+2.99%,263.81,251.91,408000,01/03/20
HLT,"Hilton Inc",109.99,-1.46,-1.31%,110.4,108.64,1854400,01/03/20
HOG,"Harley-Davidson Inc",36.28,-0.81,-2.18%,36.85,36.11,1258200,01/03/20
HOLX,"Hologic Inc",51.89,-0.18,-0.35%,51.94,51.13,1626600,01/03/20
HON,"Honeywell International Inc",178.86,-1.93,-1.07%,179.83,177.41,2805200,01/03/20
HP,"Helmerich & Payne",45.85,0.58,+1.28%,46.69,45.08,1293400,01/03/20
HPE,"Hewlett Packard Enterprise Comp",15.77,-0.4,-2.47%,15.96,15.71,7802300,01/03/20
HPQ,"Hp Inc",20.53,-0.26,-1.25%,20.68,20.45,5423400,01/03/20
HRB,"H&R Block",23.46,-0.02,-0.09%,23.52,23.19,2626500,01/03/20
HRL,"Hormel Foods Corp",44.25,-0.06,-0.14%,44.57,44.01,1858700,01/03/20
HSIC,"Henry Schein Inc",66.56,-0.56,-0.83%,66.72,66.06,663400,01/03/20
HST,"Host Marriott Financial Trust",18.04,-0.19,-1.04%,18.1,17.92,7338700,01/03/20
HSY,"Hershey Foods Corp",145.26,1.3,+0.90%,145.89,143.76,770900,01/03/20
HUM,"Humana Inc",364.86,1.62,+0.45%,372,364.38,891400,01/03/20
IBM,"International Business Machines",134.34,-1.08,-0.80%,134.86,133.56,2373600,01/03/20
ICE,"Intercontinental Exchange",94.67,2,+2.16%,94.98,91.95,2544400,01/03/20
IDXX,"Idexx Laboratories",264.77,-0.25,-0.09%,266.39,259.99,399100,01/03/20
IEX,"Idex Corp",172.76,-0.54,-0.31%,172.88,170.43,309100,01/03/20
IFF,"International Flavors & Fragrances",126.35,-1.2,-0.94%,127.79,125.75,1072700,01/03/20
ILMN,"Illumina Inc",322.73,-4.27,-1.31%,325.14,321.01,1346000,01/03/20
INCY,"Incyte Corp",77.9,-8.07,-9.39%,78.1,75.16,5529400,01/03/20
INFO,"IHS Markit Ltd",75.82,0.03,+0.04%,76.22,74.66,1411000,01/03/20
INTC,"Intel Corp",60.1,-0.74,-1.22%,60.7,59.81,15298500,01/03/20
INTU,"Intuit Inc",264.38,-1.78,-0.67%,265.37,261.44,798500,01/03/20
IP,"International Paper Company",44.72,-0.8,-1.76%,45.06,44.7,2835800,01/03/20
IPG,"Interpublic Group of Companies",22.73,0.02,+0.09%,22.78,22.41,2301900,01/03/20
IPGP,"Ipg Photonics Corp",141.82,-4.66,-3.18%,144.96,140.4,311300,01/03/20
IQV,"Iqvia Holdings Inc",154.19,-2.22,-1.42%,154.95,153.73,1047100,01/03/20
IR,"Ingersoll-Rand Plc [Ireland]",133.15,-1.2,-0.89%,133.74,132.14,885900,01/03/20
IRM,"Iron Mountain Inc",30.64,0.23,+0.76%,30.87,30.21,4402600,01/03/20
ISRG,"Intuitive Surg Inc",593.34,-3.92,-0.66%,594.58,582.16,418900,01/03/20
IT,"Gartner Inc",155.98,-0.06,-0.04%,156.5,153.24,447800,01/03/20
ITW,"Illinois Tool Works Inc",179.11,-2.57,-1.41%,180.07,177.51,1400700,01/03/20
IVZ,"Invesco Plc",17.67,-0.32,-1.78%,17.74,17.42,5457900,01/03/20
J,"Jacobs Engineering Group Inc",90.89,0.62,+0.69%,90.96,89.09,588900,01/03/20
JBHT,"J B Hunt Transport",117.03,-0.49,-0.42%,117.21,115.85,535200,01/03/20
JCI,"Johnson Controls Intl",40.66,-0.74,-1.79%,41.02,40.4,4206700,01/03/20
JKHY,"Jack Henry & Assoc",145.72,-0.17,-0.12%,146.01,144.71,205600,01/03/20
JNJ,"Johnson & Johnson",144.28,-1.69,-1.16%,145.37,143,5753400,01/03/20
JNPR,"Juniper Networks",24.34,-0.37,-1.50%,24.51,24.17,3041800,01/03/20
JPM,"JP Morgan Chase & Company",138.34,-2.75,-1.95%,139.23,137.08,10387500,01/03/20
JWN,Nordstrom,39.88,-0.23,-0.57%,40.8,39.32,3154100,01/03/20
K,"Kellogg Company",68,0.36,+0.53%,68.36,67.4,1240500,01/03/20
KEY,Keycorp,19.91,-0.35,-1.73%,20.03,19.77,6898800,01/03/20
KEYS,"Keysight Technologies Inc Comm",101.88,-2.31,-2.22%,102.85,101,1124100,01/03/20
KHC,"Kraft Heinz Company",31.24,-0.37,-1.17%,31.65,31.22,5012800,01/03/20
KIM,"Kimco Realty Corp",19.81,0.21,+1.07%,19.91,19.49,4152300,01/03/20
KLAC,"K L A-Tencor Corp",179.08,-3.49,-1.91%,181.17,177.86,833400,01/03/20
KMB,"Kimberly-Clark Corp",135.79,-0.04,-0.03%,136.77,134.62,1352900,01/03/20
KMI,"Kinder Morgan",21.2,0.16,+0.76%,21.21,21.02,10148800,01/03/20
KMX,"Carmax Inc",87.26,-2.25,-2.51%,88.73,86.7,1475400,01/03/20
KO,"Coca-Cola Company",54.69,-0.3,-0.55%,54.99,54.09,11354400,01/03/20
KR,"Kroger Company",28.7,0.04,+0.14%,28.82,28.4,5442000,01/03/20
KSS,"Kohl's Corp",49.19,0.08,+0.16%,49.38,48.46,3174800,01/03/20
KSU,"Kansas City Southern",155.26,-0.19,-0.12%,155.4,152.95,1053000,01/03/20
L,"Loews Corp",52.76,-0.2,-0.38%,52.81,52.28,829200,01/03/20
LB,"L Brands Inc",18.86,1.37,+7.83%,19.09,17.88,16173100,01/03/20
LDOS,"Leidos Holdings Inc",99.48,0.86,+0.87%,99.87,97.41,1031000,01/03/20
LEG,"Leggett & Platt Inc",49.78,-0.56,-1.11%,50.13,49.44,1174100,01/03/20
LEN,"Lennar Corp",56.47,0.66,+1.18%,56.74,55.5,2623800,01/03/20
LH,"Laboratory Corp of America Holdings",167.23,-0.25,-0.15%,167.61,164.17,556500,01/03/20
LHX,"L3Harris Technologies Inc",210.47,7.16,+3.52%,210.83,206.17,2182300,01/03/20
LIN,"Linde Plc",205.26,-5.48,-2.60%,209.05,205.17,2899200,01/03/20
LKQ,"LKQ Corp",35.39,-0.41,-1.15%,35.59,35.16,1377400,01/03/20
LLY,"Eli Lilly and Company",131.77,-0.44,-0.33%,132.47,130.23,1963900,01/03/20
LMT,"Lockheed Martin Corp",413.74,14.37,+3.60%,417.17,403,2990500,01/03/20
LNC,"Lincoln National Corp",57.97,-1.78,-2.98%,58.87,57.62,1597700,01/03/20
LNT,"Alliant Energy Corp",53.8,0.17,+0.32%,54.35,53.56,976100,01/03/20
LOW,"Lowe's Companies",119.6,-0.86,-0.71%,119.82,118.05,2774100,01/03/20
LRCX,"Lam Research Corp",294.69,-3.2,-1.07%,296.81,291.72,962200,01/03/20
LUV,"Southwest Airlines Company",54.35,-0.49,-0.89%,54.42,53.04,3536000,01/03/20
LVS,"Las Vegas Sands",69.72,-1.08,-1.53%,70.15,69.39,2822500,01/03/20
LW,"Lamb Weston Holdings Inc",93.56,9.47,+11.26%,94.46,86.19,3940600,01/03/20
LYB,"Lyondellbasell Industries NV",91.55,-2.31,-2.46%,93.35,91.54,2713200,01/03/20
LYV,"Live Nation Entertainment",71.64,-0.25,-0.35%,72.1,70.72,687000,01/03/20
M,"Macy's Inc",16.53,0.01,+0.06%,16.61,16.21,12043200,01/03/20
MA,"Mastercard Inc",300.43,-2.96,-0.98%,302.42,298.6,2501800,01/03/20
MAA,"Mid-America Apartment Communities",131.07,1.46,+1.13%,131.21,129.02,481200,01/03/20
MAR,"Marriot Int Cl A",149.27,-2.22,-1.47%,150.02,148.74,2116900,01/03/20
MAS,"Masco Corp",47.9,-0.37,-0.77%,47.92,47.42,2127700,01/03/20
MCD,"McDonald's Corp",200.08,-0.71,-0.35%,200.55,198.85,2767600,01/03/20
MCHP,"Microchip Technology",105.24,-2.36,-2.19%,106.85,104.86,10014899,01/03/20
MCK,"Mckesson Corp",136.72,-1.97,-1.42%,137.63,135.57,746600,01/03/20
MCO,"Moody's Corp",241.12,-0.6,-0.25%,241.61,238.56,475800,01/03/20
MDLZ,"Mondelez Intl Inc",54.24,-0.09,-0.17%,54.57,53.96,6791700,01/03/20
MDT,"Medtronic Inc",113.88,-0.68,-0.59%,114.41,113.05,2764800,01/03/20
MET,"Metlife Inc",51.09,-0.53,-1.03%,51.15,50.6,5162200,01/03/20
MGM,"MGM Resorts International",33.29,-0.37,-1.10%,33.43,33.11,3299300,01/03/20
MHK,"Mohawk Industries",130.95,-3.84,-2.85%,133.47,130.03,843600,01/03/20
MKC,"Mccormick & Company Inc",170.2,2.67,+1.59%,170.93,167.13,734900,01/03/20
MKTX,"Marketaxess Holdings",380.05,-0.2,-0.05%,381.26,377.46,192800,01/03/20
MLM,"Martin Marietta Materials",275.79,-0.82,-0.30%,279.45,274.65,442400,01/03/20
MMC,"Marsh & Mclennan Companies",111.88,-0.17,-0.15%,112.09,110.83,1486400,01/03/20
MMM,"3M Company",178.45,-1.55,-0.86%,178.66,175.63,2467300,01/03/20
MNST,"Monster Beverage Cp",63.28,-0.42,-0.66%,63.61,62.87,1741100,01/03/20
MO,"Altria Group",49.63,0.38,+0.77%,49.95,49.16,7850700,01/03/20
MOS,"Mosaic Company",20.76,-0.67,-3.13%,21.49,20.74,4112400,01/03/20
MPC,"Marathon Petroleum Corp",58.23,-3.68,-5.94%,61.36,58.17,9674200,01/03/20
MRK,"Merck & Company",91.25,-0.79,-0.86%,92.07,90.51,5633300,01/03/20
MRO,"Marathon Oil Corp",13.75,0.07,+0.51%,14.07,13.6,14861400,01/03/20
MS,"Morgan Stanley",51.2,-0.84,-1.61%,51.45,50.83,6706700,01/03/20
MSCI,"MSCI Inc",260.75,-5.3,-1.99%,263.58,259.27,459600,01/03/20
MSFT,"Microsoft Corp",158.62,-2,-1.25%,159.95,158.06,21121600,01/03/20
MSI,"Motorola Solutions",164.38,2.75,+1.70%,164.58,159.37,962400,01/03/20
MTB,"M&T Bank Corp",169.32,-1.75,-1.02%,170.3,167.5,461800,01/03/20
MTD,"Mettler-Toledo International",789.54,-15.52,-1.93%,802.07,788.2,149600,01/03/20
MU,"Micron Technology",54.53,-0.86,-1.55%,55.31,54,16826500,01/03/20
MXIM,"Maxim Integrated",61.35,-1.08,-1.73%,62.09,61.25,2021300,01/03/20
MYL,"Mylan NV Ord Shs",20.2,-0.45,-2.18%,20.5,20.09,7957300,01/03/20
NBL,"Noble Energy Inc",23.71,-0.42,-1.74%,24.41,23.61,9144300,01/03/20
NCLH,"Norwegian Cruise Ord",57.6,-1.23,-2.09%,58.22,57.25,1611800,01/03/20
NDAQ,"Nasdaq Inc",108.28,0.46,+0.43%,108.48,106.74,721500,01/03/20
NEE,"Nextera Energy",240.32,1.7,+0.71%,241.36,238.14,1774200,01/03/20
NEM,"Newmont Mining Corp",42.83,-0.39,-0.90%,44.04,42.79,9149101,01/03/20
NFLX,"Netflix Inc",325.9,-3.91,-1.19%,329.86,325.53,3795400,01/03/20
NI,"NiSource Inc",27.4,0.22,+0.81%,27.42,27.11,3440300,01/03/20
NKE,"Nike Inc",101.92,-0.28,-0.27%,102,100.31,4542000,01/03/20
NLOK,"Nortonlifelock Inc.",25.83,-0.19,-0.73%,25.97,25.6,2706400,01/03/20
NLSN,"Nielsen Holdings Plc",20.08,-0.04,-0.20%,20.15,19.84,3490100,01/03/20
NOC,"Northrop Grumman Corp",375.01,19.31,+5.43%,375.82,366.37,2600600,01/03/20
NOV,National-Oilwell,25.35,0.09,+0.36%,25.81,25.16,2553300,01/03/20
NOW,"Servicenow Inc",291.1,-0.14,-0.05%,293.06,286.5,1135800,01/03/20
NRG,"NRG Energy",38.2,-0.6,-1.55%,38.79,38.01,2751300,01/03/20
NSC,"Norfolk Southern Corp",196.44,-0.36,-0.18%,196.59,193.19,2003600,01/03/20
NTAP,"Netapp Inc",61.7,-1.07,-1.70%,62.49,61.21,1429800,01/03/20
NTRS,"Northern Trust Corp",105.37,-2.21,-2.05%,106.48,105.21,995900,01/03/20
NUE,"Nucor Corp",54.39,-0.73,-1.32%,54.93,54.23,2837300,01/03/20
NVDA,"Nvidia Corp",236.07,-3.84,-1.60%,237.83,234.1,5144300,01/03/20
NVR,"NVR Inc",3781.43,45.93,+1.23%,3825,3699,30300,01/03/20
NWL,"Newell Rubbermaid Inc",18.66,-0.42,-2.20%,18.85,18.5,3206800,01/03/20
NWS,"News Cp Cl B",14.82,0.01,+0.07%,14.86,14.61,1037300,01/03/20
NWSA,"News Cp Cl A",14.4,-0.04,-0.28%,14.43,14.22,1976400,01/03/20
O,"Realty Income Corp",73.79,1.31,+1.81%,73.9,72.11,1769500,01/03/20
ODFL,"Old Dominion Freig",189.74,-2.29,-1.19%,190.79,188.77,619900,01/03/20
OKE,"Oneok Inc",76.58,0.87,+1.15%,76.75,75.65,1727600,01/03/20
OMC,"Omnicom Group Inc",79.93,0.06,+0.08%,80.01,78.88,1018200,01/03/20
ORCL,"Oracle Corp",53.76,-0.19,-0.35%,54.05,52.95,11026699,01/03/20
ORLY,"O'Reilly Automotive",438.75,1.23,+0.28%,439.22,433.04,482900,01/03/20
OXY,"Occidental Petroleum Corp",43.61,1.03,+2.42%,44.25,43.17,15099801,01/03/20
PAYX,"Paychex Inc",84.82,-0.29,-0.34%,85.04,84.4,964600,01/03/20
PBCT,"People's United Finl",16.62,-0.14,-0.84%,16.76,16.42,2508800,01/03/20
PCAR,"Paccar Inc",78.73,-0.78,-0.98%,78.83,77.67,1604700,01/03/20
PEAK,"Healthpeak Properties Inc.",34.33,0.65,+1.93%,34.37,33.67,2996200,01/03/20
PEG,"Public Service Enterprise Group Inc",58.7,-0.01,-0.02%,59.07,58.46,2992100,01/03/20
PEP,"Pepsico Inc",135.63,-0.19,-0.14%,136.79,135.13,4000000,01/03/20
PFE,"Pfizer Inc",38.93,-0.21,-0.54%,39.24,38.67,14160500,01/03/20
PFG,"Principal Financial Group Inc",54.91,-0.82,-1.47%,55.06,54.23,896200,01/03/20
PG,"Procter & Gamble Company",122.58,-0.83,-0.67%,123.53,121.86,7971700,01/03/20
PGR,"Progressive Corp",74.32,-0.01,-0.01%,74.78,73.28,4155700,01/03/20
PH,"Parker-Hannifin Corp",206.82,-2.95,-1.41%,207.84,203.19,895300,01/03/20
PHM,Pultegroup,39.02,0.34,+0.88%,39.08,38.31,2607200,01/03/20
PKG,"Packaging Corp of America",109.22,-1.5,-1.35%,110.2,109.01,844700,01/03/20
PKI,Perkinelmer,96.99,-1.87,-1.89%,97.68,95.77,558900,01/03/20
PLD,"Prologis Inc",89.39,0.99,+1.12%,89.86,87.55,2187900,01/03/20
PM,"Philip Morris International Inc",85.03,-0.16,-0.19%,85.94,84.86,3806600,01/03/20
PNC,"PNC Bank",158.83,-1.54,-0.96%,159.59,157.43,1374400,01/03/20
PNR,"Pentair Ltd",45.98,-0.44,-0.95%,46.03,45.57,1023600,01/03/20
PNW,"Pinnacle West Capital Corp",88.99,0.28,+0.32%,89.27,88.49,1058500,01/03/20
PPG,"PPG Industries",129.69,-1.91,-1.45%,130.85,129.63,1598300,01/03/20
PPL,"PPL Corp",35.38,-0.04,-0.11%,35.5,35.11,4105000,01/03/20
PRGO,"Perrigo Company",49.96,-1.33,-2.59%,50.56,49.76,1032700,01/03/20
PRU,"Prudential Financial Inc",93.26,-1.58,-1.67%,93.72,92.68,1526300,01/03/20
PSA,"Public Storage",213.7,2.28,+1.08%,213.88,210.76,773400,01/03/20
PSX,"Phillips 66",108.49,-3.71,-3.31%,112.42,108.19,2237100,01/03/20
PVH,"Phillips-Van Heusen Corp",103.29,-2.06,-1.96%,104.84,102.85,641900,01/03/20
PWR,"Quanta Services",40.86,-0.23,-0.56%,40.95,40.52,1506800,01/03/20
PXD,"Pioneer Natural Resources Company",153.35,1.01,+0.66%,156.42,152.88,1782500,01/03/20
PYPL,"Paypal Holdings",108.76,-1.99,-1.80%,110.42,108.76,7099900,01/03/20
QCOM,"Qualcomm Inc",87.02,-1.67,-1.88%,87.64,86.44,8340899,01/03/20
QRVO,"Qorvo Inc",112.34,-3.62,-3.12%,115.24,112.06,2695800,01/03/20
RCL,"Royal Caribbean Cruises Ltd",133.49,-1.16,-0.86%,133.62,131.81,1229300,01/03/20
RE,"Everest Re Group",277.24,-0.91,-0.33%,278.27,275.46,162400,01/03/20
REG,"Regency Centers Corp",62.41,0.73,+1.18%,62.49,61.39,833500,01/03/20
REGN,"Regeneron Pharmaceuticals",369.16,-4.19,-1.12%,372.35,367.05,500700,01/03/20
RF,"Regions Financial Corp",16.77,-0.32,-1.87%,16.88,16.63,8382600,01/03/20
RHI,"Robert Half International Inc",63.31,-0.44,-0.69%,63.36,62.55,1667600,01/03/20
RJF,"Raymond James Financial",89.22,-1.56,-1.72%,89.57,88.55,553600,01/03/20
RL,"Ralph Lauren Corp",118.16,-0.63,-0.53%,118.41,116.47,551700,01/03/20
RMD,"Resmed Inc",155.29,-0.82,-0.53%,155.94,153.12,417100,01/03/20
ROK,"Rockwell Automation Inc",202.64,-3,-1.46%,203.23,200.51,542600,01/03/20
ROL,"Rollins Inc",33.23,-0.11,-0.33%,33.26,32.76,1098200,01/03/20
ROP,"Roper Industries",363.03,-2.14,-0.59%,363.36,358.46,479200,01/03/20
ROST,"Ross Stores Inc",116.86,0.03,+0.03%,117,115.2,1486500,01/03/20
RSG,"Republic Services",90.21,0.38,+0.42%,90.4,89.06,1362400,01/03/20
RTN,"Raytheon Company",227.81,3.33,+1.48%,230,225.17,2151700,01/03/20
SBAC,"SBA Communications",241.03,2.16,+0.90%,241.8,237.71,787400,01/03/20
SBUX,"Starbucks Corp",88.83,-0.52,-0.58%,89.1,88.1,4874900,01/03/20
SCHW,"The Charles Schwab Corp",47.01,-1.22,-2.53%,47.6,46.9,6698900,01/03/20
SEE,"Sealed Air Corp",38.26,-0.61,-1.57%,38.56,38.13,1144600,01/03/20
SHW,"Sherwin-Williams Company",564.45,-7.4,-1.29%,571.53,564.29,545200,01/03/20
SIVB,"Svb Financial Group",250.33,-3.94,-1.55%,251.12,246.8,476400,01/03/20
SJM,"J.M. Smucker Company",102.29,0.15,+0.15%,102.86,101.89,666300,01/03/20
SLB,"Schlumberger N.V.",40.56,0.39,+0.97%,41.14,40,9755900,01/03/20
SLG,"SL Green Realty Corp",89.26,0.35,+0.39%,89.39,87.7,846500,01/03/20
SNA,"Snap-On Inc",167.09,-1.91,-1.13%,167.37,165.24,362400,01/03/20
SNPS,"Synopsys Inc",141.76,-1.11,-0.78%,142.09,140.05,834700,01/03/20
SO,"Southern Company",62.56,-0.06,-0.10%,62.9,62.42,3531800,01/03/20
SPG,"Simon Property Group",145.35,0.26,+0.18%,145.98,144,1308200,01/03/20
SPGI,"S&P Global Inc",276.91,-0.93,-0.33%,278.2,274.03,576700,01/03/20
SRE,"Sempra Energy",147.76,-1.36,-0.91%,149.43,147.67,1264800,01/03/20
STE,"Steris Corp",150.63,-1.07,-0.71%,151.5,149.2,638000,01/03/20
STT,"State Street Corp",79.57,-1.19,-1.47%,79.94,79.04,1511000,01/03/20
STX,"Seagate Tech Ord Shs",58.91,-1.59,-2.63%,60.05,58.81,1649700,01/03/20
STZ,"Constellation Brands Inc",189.53,1.23,+0.65%,189.91,186.27,1311600,01/03/20
SWK,"Stanley Black & Decker Inc",167.12,-0.9,-0.54%,167.54,164.83,936900,01/03/20
SWKS,"Skyworks Solutions",118.65,-3.02,-2.48%,120.89,117.65,2339600,01/03/20
SYF,"Synchrony Financial",35.69,-0.52,-1.44%,35.97,35.55,3993900,01/03/20
SYK,"Stryker Corp",209.59,-0.86,-0.41%,210.57,207,801500,01/03/20
SYY,"Sysco Corp",84.35,-0.31,-0.37%,84.72,83.93,1759800,01/03/20
T,"AT&T Inc",39.06,0.2,+0.51%,39.2,38.57,27416000,01/03/20
TAP,"Molson Coors Brewing Company",53.38,-0.16,-0.30%,53.47,52.69,1955300,01/03/20
TDG,"Transdigm Group Inc",577.84,10.4,+1.83%,578.41,561.34,278000,01/03/20
TEL,"Te Connectivity Ltd",95.37,-1.14,-1.18%,95.57,94.55,1439700,01/03/20
TFC,"Truist Financial Corp.",56.2,-0.47,-0.83%,56.3,55.66,4434300,01/03/20
TFX,"Teleflex Inc",374.62,-3.87,-1.02%,377.42,371.64,167700,01/03/20
TGT,"Target Corp",124.76,-1.31,-1.04%,125.53,123.93,5019800,01/03/20
TIF,"Tiffany & Company",133.77,-0.08,-0.06%,133.8,133.55,1430300,01/03/20
TJX,"TJX Companies",61.24,-0.46,-0.75%,61.57,60.77,3229600,01/03/20
TMO,"Thermo Fisher Scientific Inc",322.82,-3.55,-1.09%,325.29,321.33,819500,01/03/20
TMUS,"T-Mobile US",78.17,-0.42,-0.53%,78.43,77.47,1832000,01/03/20
TPR,"Tapestry Inc",26.92,-0.01,-0.04%,26.93,26.43,3511100,01/03/20
TROW,"T Rowe Price Group",124.75,-0.41,-0.33%,125.54,123.11,958700,01/03/20
TRV,"The Travelers Companies Inc",137.02,-0.49,-0.36%,137.37,136.35,927300,01/03/20
TSCO,"Tractor Supply Company",91.96,-1.15,-1.24%,92.87,91.75,1527200,01/03/20
TSN,"Tyson Foods",90.58,0.61,+0.68%,91.56,89.91,2506100,01/03/20
TTWO,"Take-Two Interacti",122.21,0.13,+0.11%,122.5,120.28,729100,01/03/20
TWTR,"Twitter Inc",31.52,-0.78,-2.41%,32.1,31.26,14440300,01/03/20
TXN,"Texas Instruments",127.85,-1.72,-1.33%,129.25,127.23,4057200,01/03/20
TXT,"Textron Inc",44.74,-0.74,-1.63%,45.25,44.5,1670500,01/03/20
UA,"Under Armour Inc Cl C",19.27,0.03,+0.16%,19.43,18.89,2711500,01/03/20
UAA,"Under Armour",21.85,0.07,+0.32%,21.96,21.4,4596500,01/03/20
UAL,"United Continental Holdings",87.9,-1.84,-2.05%,88.16,86.26,3562900,01/03/20
UDR,"United Dominion Realty Trust",46.49,0.37,+0.80%,46.58,45.81,1434400,01/03/20
UHS,"Universal Health Services",141.97,-0.34,-0.24%,142.17,140.1,262600,01/03/20
ULTA,"Ulta Beauty Inc",250.17,-4.38,-1.72%,252.48,249.22,921500,01/03/20
UNH,"Unitedhealth Group Inc",289.54,-2.96,-1.01%,291.88,284.36,2712000,01/03/20
UNM,"Unumprovident Corp",29.06,-0.58,-1.96%,29.28,28.74,1862500,01/03/20
UNP,"Union Pacific Corp",180.98,-1.29,-0.71%,181.19,178.29,2344100,01/03/20
UPS,"United Parcel Service",116.72,-0.07,-0.06%,116.86,114.84,2477900,01/03/20
URI,"United Rentals",165.71,-2.94,-1.74%,166.56,161.37,1088900,01/03/20
USB,"U.S. Bancorp",58.51,-0.69,-1.17%,58.81,58.02,5161800,01/03/20
UTX,"United Technologies Corp",153.35,0.21,+0.14%,154.65,150.51,3127600,01/03/20
V,"Visa Inc",189.6,-1.52,-0.80%,190.96,187.92,4900800,01/03/20
VAR,"Varian Medical Systems",144.93,0.12,+0.08%,145.04,142.38,682300,01/03/20
VFC,"V.F. Corp",99.6,-0.63,-0.63%,99.93,98.76,1966200,01/03/20
VIAC,"Viacomcbs Inc. Cl B",41.45,-0.64,-1.52%,41.76,41.07,4644800,01/03/20
VLO,"Valero Energy Corp",91.52,-3.61,-3.79%,94.65,90.85,5058000,01/03/20
VMC,"Vulcan Materials Company",142.1,-0.62,-0.43%,143.6,141,906800,01/03/20
VNO,"Vornado Realty Trust",66.01,0.51,+0.78%,66.09,64.79,1110700,01/03/20
VRSK,"Verisk Analytics Inc",152.59,1.47,+0.97%,152.73,150,876800,01/03/20
VRSN,"Verisign Inc",200.88,4.15,+2.11%,201.46,193.2,912100,01/03/20
VRTX,"Vertex Pharmaceutic",217.98,-1.47,-0.67%,219.89,214.55,943500,01/03/20
VTR,"Ventas Inc",57.07,0.68,+1.21%,57.11,56.05,2966100,01/03/20
VZ,"Verizon Communications Inc",60.4,-0.65,-1.06%,60.79,60.07,13263500,01/03/20
WAB,"Wabtec Corp",80.33,-0.62,-0.77%,80.58,79.33,968700,01/03/20
WAT,"Waters Corp",231.01,-4.05,-1.72%,233.83,229.93,389700,01/03/20
WBA,"Walgreens Boots Alliance",59.08,0,0.00%,59.35,58.18,4895800,01/03/20
WCG,"Wellcare Group",324.75,-2.24,-0.69%,327.95,322.85,329500,01/03/20
WDC,"Western Digital Cp",64.61,-1.01,-1.54%,65.31,63.55,3958300,01/03/20
WEC,"Wisconsin Energy Corp",91.24,0.57,+0.63%,91.71,90.52,1859400,01/03/20
WELL,"Welltower Inc",81.55,1.41,+1.76%,81.66,79.55,1687000,01/03/20
WFC,"Wells Fargo & Company",53.42,-0.33,-0.61%,53.62,52.9,15609600,01/03/20
WHR,"Whirlpool Corp",145.92,-2.53,-1.70%,146.65,145,521100,01/03/20
WLTW,"Willis Towers WT",204.33,0.05,+0.02%,204.97,201.73,411300,01/03/20
WM,"Waste Management",115.33,1.11,+0.97%,115.47,113.1,1424900,01/03/20
WMB,"Williams Companies",23.59,0.1,+0.43%,23.63,23.27,7542700,01/03/20
WMT,"Wal-Mart Stores",117.89,-1.05,-0.88%,118.79,117.59,5401100,01/03/20
WRB,"W.R. Berkley Corp",69.05,0.09,+0.13%,69.18,68.16,438300,01/03/20
WRK,"Westrock Company",42.68,-0.77,-1.77%,43.22,42.66,3544100,01/03/20
WU,"Western Union Company",26.1,-0.09,-0.34%,26.3,25.77,4993900,01/03/20
WY,"Weyerhaeuser Company",29.44,0.05,+0.17%,29.58,29.15,3110900,01/03/20
WYNN,"Wynn Resorts Ltd",141.47,-2.13,-1.48%,142.27,139.94,1760500,01/03/20
XEC,"Cimarex Energy Company",53.4,1.18,+2.26%,54.01,52.66,1723100,01/03/20
XEL,"XCEL Energy Inc",62.68,0.3,+0.48%,62.92,62.28,2422500,01/03/20
XLNX,"Xilinx Inc",99.31,-2.34,-2.30%,101.06,99.1,3522700,01/03/20
XOM,"Exxon Mobil Corp",70.33,-0.57,-0.80%,71.37,70.16,17390500,01/03/20
XRAY,"Dentsply Sirona Inc",56.3,-0.63,-1.11%,56.77,55.85,909900,01/03/20
XRX,"Xerox Corp",36.45,-0.48,-1.30%,36.78,36.03,1042800,01/03/20
XYL,"Xylem Inc",80.32,0.47,+0.59%,80.35,78.7,795100,01/03/20
YUM,"Yum! Brands",101.85,-0.32,-0.31%,102.01,100.36,1145500,01/03/20
ZBH,"Zimmer Biomet Holdings",148.81,-0.39,-0.26%,149.68,145.96,963400,01/03/20
ZBRA,"Zebra Technologies",256.05,-3.09,-1.19%,258.65,254.88,305300,01/03/20
ZION,"Zions Bancorp",51.7,-0.74,-1.41%,51.89,51.16,1215800,01/03/20
ZTS,"Zoetis Inc Cl A",134.16,0.02,+0.01%,134.91,132.27,1274400,01/03/20
