Symbol,Company Name
AFK,999
TMUS,999
TMST,999
TMSR,999
TMQ,999
TMP,999
TMO,999
TMK$C,999
TMHC,999
TM,999
TMFC,999
TMF,999
TME,999
TMDI,999
TMCXW,999
TMCXU,999
TMCX,999
TPH,999
TOO$B,999
TPIC,999
TSC,999
TS,999
TMK,999
TMV,999
TLYS,999
TLTD,999
TOTA,999
TOT,999
TNC,999
TNA,999
TPHS,999
TLI,999
TLT,999
TLSA,999
TLRY,999
TLRD,999
TRXC,999
TLRA,999
TLK,999
TLH,999
TLTE,999
TLGT,999
TLF,999
TLEH,999
TLDH,999
TLC,999
TKR,999
TKKSW,999
TLND,999
TOTAR,999
TRX,999
TRVG,999
TSG,999
TSEM,999
TSE,999
TROX,999
TSCAP,999
TROV,999
TRHC,999
TREX,999
TREE,999
TREC,999
TRCO,999
TRCH,999
TRCB,999
TRC,999
TQQQ,999
TPZ,999
TPYP,999
TPRE,999
TPR,999
TPOR,999
TPNL,999
TSI,999
TSLA,999
TSLF,999
TSLX,999
TRV,999
TRUP,999
TRTN$A,999
TRTN,999
TRT,999
TRST,999
TRS,999
TRQ,999
TRPX,999
TRP,999
TRVN,999
TSBK,999
TROW,999
TSCO,999
TTAC,999
TSU,999
TST,999
TSS,999
TSRI,999
TSQ,999
TSN,999
TSM,999
TPL,999
TOTAU,999
TOTAW,999
TOTL,999
CHL,999
CHKR,999
CHKP,999
CHKE,999
CHK$D,999
CHEK,999
CHIS,999
CHE,999
CGNX,999
CGEN,999
CGC,999
CGBD,999
CGA,999
CG,999
CFXA,999
CFX,999
CFRX,999
CFR$A,999
CFR,999
CFO,999
CFMS,999
CHMA,999
CHMG,999
CHK,999
CHMI,999
CHII,999
CHIH,999
CHIC,999
CHIU,999
CHGX,999
CHGG,999
CHFS,999
CHFC,999
CHEP,999
CHEKZ,999
CFG$D,999
CHEKW,999
CHIX,999
CHEF,999
CHMI$A,999
CHRW,999
CHRS,999
CHRA,999
CHNR,999
CHNA,999
CHN,999
CHMI$B,999
CFBK,999
CHDN,999
CFFA,999
CGIX,999
TOO$E,999
TNP$D,999
TNP$C,999
TNP$B,999
TNP,999
TNK,999
TNET,999
TNDM,999
TTAI,999
TOPS,999
TNP$E,999
TNAV,999
TPGH.W,999
TPGH.U,999
TPGH,999
TPCO,999
TPC,999
TPB,999
TPAY,999
TOWN,999
TORC,999
TOUR,999
TOWR,999
TRNX,999
TNXP,999
TOK,999
CFFAU,999
CGO,999
CHAP,999
CHD,999
CGVIC,999
CHCT,999
CHCO,999
CHCI,999
CHAU,999
CBL$D,999
TOCA,999
CHAD,999
CHAC.U,999
CGW,999
CHAC,999
CHA,999
TTC,999
TNP$F,999
TOO$A,999
TOO,999
TOLZ,999
TOL,999
CHAC.W,999
CHIK,999
TRGP,999
TRI,999
DFVS,999
DESP,999
DDP,999
DDMXU,999
DDMX,999
DDM,999
DDLS,999
DDJP,999
DDIV,999
DDG,999
DDF,999
DDEZ,999
DDE,999
DDD,999
DD$B,999
DD$A,999
DCUD,999
DCPH,999
DESC,999
DDMXW,999
DDS,999
DEUR,999
DFVL,999
DCP$C,999
DG,999
DF,999
DEZU,999
DEX,999
DEWJ,999
DEW,999
DEUS,999
DFNL,999
DFRG,999
DEST,999
DFS,999
DEF,999
DGSE,999
DGRW,999
DGRS,999
DGLY,999
DGLD,999
DGL,999
DGII,999
DGICB,999
DGICA,999
DGBP,999
DGAZ,999
DGS,999
DFBH,999
DEMG,999
DDT,999
SLYG,999
SM,999
SLGL,999
SMFG,999
SMIN,999
SMI,999
SMHI,999
SMHD,999
SMHB,999
SMH,999
SMG,999
SMEZ,999
SMAR,999
SMED,999
SMDV,999
SMDD,999
SMCP,999
SMBK,999
SMBC,999
SMB,999
SLGN,999
SLIM,999
SLM,999
SLMBP,999
SLNO,999
DEI,999
DEFA,999
DELL,999
DEEF,999
DECK,999
DEA,999
DE,999
DDWM,999
SPAQ,999
SLS,999
DEM,999
SLY,999
SLVP,999
SLVO,999
SLV,999
SLTB,999
SLT,999
SLRC,999
SPAB,999
SLQD,999
SLP,999
SLNOW,999
SLX,999
DFBHU,999
DFBHW,999
DFE,999
DAUD,999
DATA,999
DARE,999
DAR,999
DGT,999
DBGR,999
DALT,999
DBVT,999
DCO,999
DCIX,999
DCI,999
DCHF,999
DCF,999
DCAR,999
DBX,999
DBV,999
DBJP,999
DBUK,999
DBS,999
DBP,999
DBO,999
DAVA,999
DAVE,999
DAX,999
DBEZ,999
TRMD,999
TRNS,999
TRIB,999
TRNE.U,999
TRN,999
TRMT,999
TRMK,999
TRNO,999
TRK,999
TRIP,999
DBLV,999
TRIL,999
DGX,999
DBA,999
DBEM,999
DBEF,999
DBE,999
DBD,999
DBC,999
DBB,999
DBAW,999
DB,999
TRMB,999
DBL,999
DBKO,999
DAN,999
DAC,999
D,999
CZZ,999
CZWI,999
CZNC,999
CYRX,999
CZFC,999
CZA,999
CYTXZ,999
CYTX,999
DAG,999
CYTR,999
CYRXW,999
DCOM,999
DBEU,999
DCP$B,999
DFP,999
DFND,999
DFJ,999
DFIN,999
DFFN,999
DFEN,999
CYTK,999
TR,999
DAIO,999
CZR,999
DALI,999
DCP,999
CYAN,999
CYD,999
CYCNV,999
CYCCP,999
CYCC,999
CYBR,999
CYBE,999
CYB,999
DAKT,999
CYAD,999
CY,999
CXW,999
CXSE,999
CXP,999
CXO,999
CXH,999
CXE,999
CYH,999
CYRN,999
DAL,999
CYOU,999
SLGG,999
CHIL,999
CHIQ,999
IRWDV,999
IRWD,999
IRTC,999
IRT,999
IRS,999
IRR,999
IROQ,999
IRMD,999
IPOA.U,999
IRET$C,999
IPO,999
IPAR,999
IP,999
IOVA,999
IOTS,999
IOSP,999
IOR,999
IONS,999
IO,999
INVE,999
INVA,999
ISBC,999
ISCA,999
ISCF,999
ISD,999
IRDMB,999
IRDM,999
IRCP,999
IQV,999
IQLT,999
IQIN,999
IQDY,999
IPOA,999
IQDG,999
IQDF,999
INUV,999
IQDE,999
IPWR,999
IPOS,999
IPOA.W,999
INTF,999
IRIX,999
IRL,999
IRM,999
ISDX,999
ISDS,999
ISDR,999
IQ,999
IRET,999
INTU,999
INTL,999
CLRG,999
CLX,999
CLRBZ,999
CLRBW,999
CLRB,999
CLR,999
CLPS,999
CLPR,999
CLNY$J,999
CLWT,999
CLXT,999
CMLS,999
CMCTP,999
CMG,999
CMFNL,999
CMFN,999
CMF,999
CME,999
CMDY,999
CMD,999
CMCT,999
CLS,999
CLSD,999
CLSN,999
CLTL,999
IPLDP,999
INTG,999
IPAC,999
IOO,999
IPAY,999
IPFF,999
IPKW,999
IPIC,999
IPI,999
IPHS,999
INTT,999
IPHI,999
IPG,999
IPGP,999
IPE,999
IPDN,999
IPCI,999
COHN,999
CLRO,999
COG,999
CLVS,999
CLUB,999
IPB,999
IQI,999
INTC,999
INN,999
INFU,999
INFR,999
INFO,999
INFN,999
INFI,999
INF,999
INDY,999
INDS,999
INDL,999
INDB,999
INDA,999
INCY,999
INMB,999
ISEM,999
INN$D,999
INSG,999
INSW$A,999
INSW,999
INSUU,999
INST,999
INSP,999
INFY,999
ING,999
INGN,999
INGR,999
LINDW,999
LIND,999
LINC,999
LL,999
LLEX,999
LLIT,999
LLL,999
LLNW,999
LLQD,999
LLY,999
INSM,999
LM,999
LMB,999
LMBS,999
LMFA,999
LMFAW,999
LMHA,999
LMHB,999
LITE,999
ISF,999
INT,999
INKM,999
LMAT,999
INSI,999
INSE,999
INN$E,999
IIPR$A,999
IMFP,999
IMH,999
INB,999
IMRN,999
INAP,999
IMXI,999
IMV,999
IMTM,999
IMTE,999
IJR,999
IMTB,999
IMOS,999
IMI,999
IMOM,999
IMO,999
IMMU,999
IMMR,999
IMMP,999
IMLP,999
IMKTA,999
INSY,999
IMRNW,999
CM,999
IJS,999
IKNX,999
INS,999
INR,999
INPX,999
INOV,999
INOD,999
INO,999
INNT,999
INCO,999
INBKL,999
INBK,999
IJT,999
ILTB,999
IMFD,999
IMFC,999
IMDZ,999
IMAX,999
IMACW,999
IMAC,999
ILPT,999
IMGN,999
ILMN,999
ILF,999
IMFI,999
CHIM,999
CMCSA,999
CMCM,999
CEFS,999
CEFL,999
CEF,999
CEE,999
CECO,999
CECE,999
CEN,999
CENT,999
CHS,999
CETX,999
CEZ,999
CEY,999
CEW,999
CEVA,999
CEV,999
CETXW,999
CETXP,999
CETV,999
CENX,999
CET,999
CERS,999
CEI,999
CEIX,999
CEL,999
CELC,999
CNACW,999
CMU,999
CNDT,999
CNCR,999
CNCE,999
CNC,999
CNAT,999
CNBKA,999
CNACU,999
CNACR,999
CERN,999
CNAC,999
CN,999
CHSCL,999
CE,999
CEMI,999
CEMB,999
CEM,999
CELP,999
CELH,999
CELGZ,999
CELG,999
CNA,999
CMTL,999
CERC,999
CEPU,999
CDXC,999
CDW,999
CDTX,999
CDR$C,999
CDR$B,999
CDR,999
CDOR,999
CDNA,999
CDC,999
CDMOP,999
CDMO,999
CDLX,999
CDL,999
CDK,999
CDEV,999
CDE,999
CF,999
CENTA,999
CFBI,999
CHIE,999
CHIR,999
CDNS,999
CDAY,999
CCZ,999
CCXI,999
CEO,999
CEA,999
CDZI,999
CFA,999
CDXS,999
CCU,999
CCS,999
CCRN,999
CCRC,999
CCR,999
CEQP,999
CCOR,999
CCO,999
CCNI,999
CCNE,999
CCMP,999
CCM,999
CCLP,999
CCL,999
CCK,999
CCI$A,999
CBL$E,999
CCOI,999
CMS,999
CMT,999
CMP,999
CLDT,999
CLDX,999
CLNY$B,999
CLNY,999
CLNE,999
CLNC,999
CLMT,999
CLM,999
CLLS,999
CLIX,999
CLIR,999
CLI,999
CLH,999
CLGX,999
CLGN,999
CLFD,999
CLF,999
CMI,999
CLW,999
CMO,999
CNXT,999
CLDR,999
CLDC,999
CIM$D,999
CIZN,999
CMCL,999
CMC,999
CMBS,999
CMA,999
CLNY$I,999
CLNY$H,999
CLNY$G,999
CL,999
CLDB,999
CLD,999
CNXM,999
CLCT,999
CLBK,999
CLB,999
CLAR,999
CKX,999
CLNY$E,999
CKPT,999
CKH,999
CJNK,999
CJJD,999
CJ,999
CLBS,999
CNX,999
CNTY,999
CNTF,999
CODI,999
CODA,999
COCP,999
CO,999
CNFRL,999
CNYA,999
CNF,999
CMTA,999
CMSSW,999
CMSSU,999
CODI$A,999
CMSSR,999
CMSA,999
CMS$B,999
CMRX,999
CMRE$E,999
CMRE$D,999
CMRE$C,999
CMRE$B,999
CMRE,999
CMPR,999
CNET,999
CMSC,999
CMCO,999
CODI$B,999
COE,999
CNST,999
CNSL,999
CNS,999
CNQ,999
CNP$B,999
CNP,999
CNOB,999
CNO,999
CNNE,999
CNMD,999
CODX,999
CNHI,999
CNY,999
CNFR,999
CMO$E,999
COF$P,999
COF$H,999
COF$G,999
COF$F,999
COF$D,999
COF$C,999
COF,999
CNXN,999
SMLF,999
SIX,999
SJNK,999
OIL,999
OIIM,999
OII,999
OIH,999
OIBR.C,999
OIA,999
OI,999
OHRP,999
OKTA,999
OKE,999
OLD,999
OMED,999
OLEM,999
OMEX,999
OLLI,999
OLN,999
OLO,999
OLP,999
OMAB,999
OMER,999
OMAD.U,999
OILD,999
OILK,999
OILU,999
OILX,999
OPP,999
OPOF,999
OPNT,999
OPK,999
OPINI,999
OPI,999
OPHT,999
OPHC,999
OPGNW,999
OPGN,999
OMAD.W,999
OPESW,999
OPES,999
OPER,999
OPBK,999
OMI,999
OMN,999
OMFL,999
OLBK,999
OMF,999
OKDCC,999
OIS,999
OPESU,999
OPB,999
OLED,999
IGI,999
ICBK,999
ICAD,999
IBTX,999
IBMK,999
IBP,999
IBOC,999
IBND,999
IBN,999
IBMN,999
IBMM,999
IBML,999
IBDD,999
IBDC,999
IBD,999
HYND,999
HYZD,999
HYXU,999
HYXE,999
HYUP,999
HYT,999
HYS,999
ICCC,999
ICCH,999
ICD,999
ICE,999
IBDS,999
IBM,999
IBKR,999
IBKCP,999
IBKCO,999
IBKC,999
IBIO,999
IBDT,999
IBDR,999
IBMI,999
OMCL,999
IBDQ,999
IBDO,999
IBDN,999
IBDM,999
IBDL,999
IBDK,999
IGHG,999
IBMJ,999
ICHR,999
IBUY,999
ICF,999
IBDP,999
OOMA,999
ONVO,999
ONTXW,999
OGE,999
OGCP,999
OFSSZ,999
OFSSL,999
OFS,999
OFLX,999
OFIX,999
OFG$D,999
OFG$B,999
OFG$A,999
OFG,999
OFED,999
OFC,999
OEUR,999
OESX,999
OBE,999
OBCI,999
OBAS,999
NYCB,999
NXTD,999
NXST,999
OEF,999
OEC,999
ODT,999
ODP,999
CTBI,999
CTDD,999
CTEK,999
CTG,999
ODC,999
OCIO,999
ODFL,999
OCX,999
OCUL,999
OCSLL,999
NXRT,999
OCSL,999
OCN,999
OCFC,999
OGS,999
OCCI,999
OCC,999
OC,999
OBSV,999
OBOR,999
OBNK,999
OBLN,999
OCSI,999
NXR,999
NXQ,999
NXPI,999
NYMT,999
NYF,999
OGIG,999
OGEN,999
OHAI,999
ONDK,999
ONTX,999
ONLN,999
ONEY,999
ONEV,999
NYMTN,999
ONEQ,999
ONE,999
ONCY,999
OMFS,999
ONCS,999
ONCE,999
ONB,999
ON,999
OMP,999
OMOM,999
OHI,999
ONEO,999
HYRE,999
NYMTO,999
NYMX,999
NXP,999
NXN,999
NXJ,999
NXGN,999
NXE,999
NXC,999
NX,999
NWSA,999
NWS,999
NXTDW,999
NYMTP,999
NYCB$A,999
NYCB$U,999
OAS,999
OAK$B,999
OAK$A,999
OAK,999
O,999
NZF,999
NYV,999
NYT,999
NYNY,999
OASM,999
CTBB,999
HYMB,999
HYLV,999
BBDC,999
BBD,999
BBCP,999
BBCA,999
BAM,999
BAK,999
BBSA,999
AY,999
AZPN,999
AZO,999
AZN,999
AYX,999
AYTU,999
AYR,999
AYI,999
AXU,999
BAH,999
AXTI,999
AXTA,999
AXSM,999
AXS$E,999
BBDO,999
BBEU,999
BBF,999
BBGI,999
BAS,999
BAR,999
BANX,999
BAL,999
BANR,999
BANFP,999
BANF,999
BAND,999
BANC$E,999
BANC$D,999
AXS$D,999
BANC,999
BBAX,999
BBBY,999
BBC,999
BBRC,999
BBP,999
BBN,999
BBL,999
BBK,999
BBJP,999
BBH,999
BB,999
BASI,999
AXS,999
AZRE,999
BDCS,999
BDCL,999
BDC$B,999
BDC,999
BCX,999
BCV$A,999
BCV,999
BCTF,999
BCSF,999
BCS,999
BCRX,999
BDSI,999
BDX,999
BDXA,999
BEN,999
BF.B,999
BF.A,999
BEST,999
BERY,999
BERN,999
BEP,999
BDCZ,999
BDD,999
BDR,999
BDRY,999
AZRX,999
AZUL,999
AZZ,999
BAF,999
BAC$Y,999
BAC$W,999
BAC$L,999
BAC$K,999
BAC$E,999
BAC$C,999
AXR,999
BAC$B,999
BAC,999
BABY,999
BABA,999
BAB,999
BA,999
B,999
BBRE,999
BATT,999
BBSI,999
BCPC,999
BAC$A,999
BATRA,999
BATRK,999
BFAM,999
IBMH,999
ICL,999
IFF,999
IEZ,999
IETC,999
IESC,999
IEP,999
IEO,999
IEMV,999
IEMG,999
IEME,999
IEMD,999
IEIH,999
IEI,999
IEHS,999
IEFN,999
IEFA,999
IEF,999
IFEU,999
ICLK,999
IECS,999
ICFI,999
IAC,999
IAE,999
IAF,999
HYLS,999
HYLD,999
HYLB,999
HYIH,999
HYI,999
HYHG,999
HZN,999
HZNP,999
HZO,999
I,999
IFGL,999
IBCE,999
IBB,999
IBA,999
IAUF,999
IAU,999
IAT,999
IART,999
IAK,999
IAI,999
IAGG,999
IAG,999
IBCD,999
IGF,999
IGEB,999
IGE,999
ICOL,999
ICLR,999
ICLN,999
IEAWW,999
IDLV,999
IDLB,999
IDSA,999
IDTI,999
IEA,999
IDN,999
ICON,999
IDXX,999
IDX,999
IDV,999
IDOG,999
IDRA,999
IDU,999
IDSY,999
IDT,999
BFC,999
BAP,999
BAX,999
IDXG,999
IBCP,999
ICOW,999
ICPT,999
IGD,999
IGC,999
IGBH,999
IGA,999
IG,999
IFV,999
IFRX,999
IFRA,999
IFN,999
IFMK,999
IDMO,999
IFLY,999
IEDI,999
IFFT,999
IEC,999
ICSH,999
IDIV,999
IDHQ,999
IDCC,999
IDA,999
ICVT,999
ICUI,999
IFIX,999
CSWI,999
CTAS,999
CTACW,999
JAGX,999
JCE,999
JCAP$B,999
JCAP,999
JBT,999
JBSS,999
JBR,999
JBN,999
JBLU,999
JBL,999
JBK,999
JBHT,999
JBGS,999
JAZZ,999
JAX,999
JASNW,999
JMU,999
JAKK,999
IXP,999
IXJ,999
JCO,999
IXN,999
JAGG,999
JACK,999
IXUS,999
SNDX,999
SNDR,999
SNDE,999
SND,999
JMUB,999
JAG,999
IZRL,999
IZEA,999
IYZ,999
IYY,999
IVR$C,999
IYW,999
IYR,999
IYM,999
IYLD,999
IYK,999
IYJ,999
IYH,999
IYG,999
IYF,999
IYE,999
IYC,999
IYT,999
SNHNI,999
IVR$A,999
IVOV,999
IWO,999
IWN,999
IWM,999
IWL,999
IWF,999
IWD,999
IWC,999
IWB,999
IVZ,999
JCI,999
JASN,999
JCOM,999
JJSF,999
JKH,999
JKG,999
JCP,999
JKE,999
JKD,999
JJU,999
JJT,999
JJG,999
IWP,999
IWR,999
IWS,999
IWV,999
IVOO,999
IVOG,999
IVLU,999
IVH,999
IVFVC,999
IVFGC,999
IVENC,999
IVE,999
IVC,999
IVAL,999
IVR,999
IVAC,999
IUSS,999
IUSG,999
IVR$B,999
IVV,999
IXG,999
IVW,999
IXC,999
IX,999
IWY,999
IWX,999
IUSV,999
SMLV,999
SNCR,999
SNHNL,999
SKYW,999
SKF,999
SKYS,999
SKY,999
SKX,999
SKT,999
SKOR,999
SKM,999
SKIS,999
SMIT,999
SLYV,999
SMLL,999
SNX,999
SOHOK,999
SOHOB,999
SOHO,999
SOGO,999
SOCL,999
SO,999
SNY,999
SNV$D,999
SLAB,999
SLB,999
SLCA,999
SLCT,999
SJM,999
SJIU,999
SJI,999
SJB,999
SIZE,999
SIZ,999
SIVR,999
SJT,999
SIVB,999
SITO,999
SNNA,999
SITE,999
SITC$J,999
SITC$A,999
SHLL.U,999
SJR,999
SJW,999
SLG$I,999
SKYY,999
SLG,999
SLF,999
SLDB,999
SITC$K,999
SNV,999
SNSS,999
SNSR,999
SNAP,999
SMTX,999
SMTS,999
SMTC,999
SMTA,999
SMSI,999
SMPL,999
SMP,999
SMN,999
SMMV,999
SNN,999
SMMU,999
SMMF,999
SMMD,999
SMM,999
SNMP,999
SNA,999
SMRT,999
SNBR,999
SNE,999
SNLN,999
SNHY,999
SMMT,999
JKI,999
SOJA,999
SMLP,999
SNR,999
SNPS,999
SNP,999
SNOAW,999
SOHOO,999
SOHU,999
SOI,999
SOIL,999
SP,999
SOYB,999
SNOA,999
SOXX,999
SOXL,999
SOVB,999
SORL,999
SON,999
SOLY,999
SOLOW,999
SOLO,999
SOL,999
SOJC,999
SOJB,999
SOXS,999
JJE,999
JJC,999
JJA,999
CRAY,999
CRAK,999
CRAI,999
CR,999
CQQQ,999
CQP,999
CPTAL,999
CPTAG,999
CSFL,999
CRR,999
CSGS,999
CTWS,999
CTT,999
CTST,999
CTSO,999
CTSH,999
CTS,999
CTRV,999
CTRP,999
CTRN,999
CTRM,999
CRBN,999
CRBP,999
CRC,999
CRCM,999
CPSH,999
CPS,999
CPRX,999
CPRT,999
CPRI,999
CPLPV,999
CPLG,999
CREG,999
CPL,999
CPK,999
CTRL,999
CPIX,999
CPHI,999
CPE$A,999
CORR$A,999
CPSS,999
CPST,999
CPT,999
CPTA,999
CREE,999
CRD.B,999
CRD.A,999
CPI,999
CTRE,999
CTRC,999
CTR,999
CSTR,999
CTIC,999
CSL,999
CSTM,999
CSTE,999
CSSEP,999
CSSE,999
CSS,999
CSQ,999
CSPI,999
CSU,999
CSOD,999
CSM,999
CSLT,999
CSV,999
CSWC,999
CTB,999
CTIB,999
CSIQ,999
CTAC,999
CTACU,999
CTHR,999
CSML,999
CPSI,999
CSWCL,999
CTRA,999
CTO,999
CTMX,999
CTV,999
CTXR,999
CTL,999
CTXRW,999
CUR,999
CUO,999
CUMB,999
CULP,999
CTK,999
CUK,999
CUE,999
CUBI$F,999
CUBI$E,999
CUBI$D,999
CUBI$C,999
CUBI,999
CUBE,999
CSII,999
CTXS,999
CTLT,999
CUI,999
LMLP,999
CPLP,999
CREX,999
JHMU,999
JE$A,999
JHAA,999
JGH,999
JG,999
JFR,999
JELD,999
JEF,999
JEC,999
JE,999
JHCS,999
JDST,999
JDIV,999
JDD,999
JD,999
JHMT,999
JCS,999
JCPB,999
JHB,999
JCTCF,999
JHD,999
JKF,999
JHSC,999
JKL,999
JKS,999
JILL,999
JIGB,999
JHY,999
JHX,999
JKHY,999
JKJ,999
JHS,999
JMLP,999
JMT,999
JMST,999
JHMD,999
JMPD,999
JMP,999
JMOM,999
JMM,999
JMIN,999
JKK,999
JMF,999
JMEI,999
JMBS,999
JLS,999
JLL,999
JMPB,999
JHEM,999
JHMS,999
JHML,999
CRF,999
CURE,999
CRSAU,999
CSGP,999
CRZO,999
CSF,999
CSD,999
CSCO,999
CSBR,999
CSB,999
CRH,999
CSA,999
CRY,999
CRSP,999
CRWS,999
CRVS,999
CRVL,999
CRUSC,999
CRUS,999
CRTO,999
CRT,999
CREXW,999
CS,999
CRESY,999
CRHM,999
CRIS,999
JHMI,999
JHMH,999
JHMF,999
JHME,999
JHMM,999
JHMC,999
JHMA,999
JHI,999
JHG,999
CURO,999
CRI,999
CRMD,999
CROP,999
CRON,999
CROC,999
CRNX,999
CRNT,999
CRMT,999
CRM,999
CRS,999
CRL,999
CRK,999
CROX,999
LIN,999
LKSD,999
LKQ,999
ATNI,999
ATLO,999
ATGE,999
ATLC,999
ATKR,999
ATISW,999
ATIS,999
ATI,999
ATHX,999
ATHM,999
ATRA,999
ATRC,999
ATRI,999
ATRO,999
AUSF,999
AUPH,999
AUO,999
AUMN,999
AUGR,999
AUG,999
AUDC,999
ATNM,999
ATNX,999
ATO,999
ATOM,999
ARES,999
AREC,999
ARE$D,999
ARE,999
ARDX,999
ARDS,999
ARDC,999
ARCW,999
ARCB,999
ARCT,999
AUBN,999
ARCO,999
ARCI,999
ARCH,999
ARCE,999
ARCC,999
ASB,999
AROC,999
ASB$D,999
ATMP,999
ATR,999
ATOS,999
ARCM,999
ARD,999
AU,999
ATVI,999
AT,999
ATAX,999
ASX,999
ASV,999
ASUR,999
ASTE,999
ASTC,999
ASRV,999
ASRT,999
ASR,999
ASPU,999
ASPS,999
ATAI,999
WIA,999
VTIQ,999
VVPR,999
VVI,999
VV,999
VUZI,999
VUSE,999
VUG,999
ASRVP,999
ASYS,999
ASEA,999
ASMB,999
ATV,999
ATTO,999
ATSG,999
ASB$E,999
ATH,999
ATRS,999
ATEN,999
ASH,999
ASM,999
ASLN,999
ATXI,999
ASIX,999
ASHS,999
ASHR,999
ASGN,999
ASML,999
ASG,999
ASFI,999
ASET,999
ASCMA,999
ASC,999
ATEC,999
ASHX,999
ARES$A,999
ARC,999
ARAV,999
MOFG,999
MO,999
MOG.B,999
MOGLC,999
MOGO,999
MOGU,999
MOH,999
MOM,999
MOS,999
MOMO,999
MOO,999
MOR,999
MORL,999
MORT,999
MORN,999
AUTO,999
ARKR,999
ARNC,999
ARNA,999
ARMK,999
ARLP,999
MNDO,999
MOSC,999
MNE,999
MNI,999
MRNA,999
MRLN,999
MRKR,999
MRK,999
MRIN,999
MRGR,999
MRCY,999
MOSY,999
MRC,999
MOSC.U,999
ARLO,999
MOG.A,999
MOD,999
MOBL,999
MOAT,999
MNTX,999
MNTA,999
MNST,999
MNRO,999
MNR$C,999
MNR,999
MNK,999
MODN,999
ARL,999
ARKW,999
ARKQ,999
ARR,999
ARQL,999
ARGO,999
AREX,999
ASB$C,999
AQMS,999
ARA,999
AR,999
AQXP,999
AQUA,999
ARR$A,999
AQST,999
AQN,999
AQB,999
ARAY,999
AQ,999
APYX,999
APY,999
APWC,999
APVO,999
APU,999
APTX,999
AQNA,999
VTWV,999
ARR$B,999
ARRY,999
AUTL,999
ARKK,999
ARKG,999
ARKF,999
ARI$C,999
ARI,999
ARGX,999
ARGT,999
ARNC$,999
AROW,999
ARRS,999
ARGD,999
ASA,999
ARYAW,999
ARYAU,999
ARYA,999
ARWR,999
ARW,999
ARVN,999
ARTW,999
ARPO,999
ARTNA,999
ARTX,999
MRNS,999
VTWO,999
VTVT,999
WCN,999
WDAY,999
WDFC,999
WBS,999
WASH,999
WDC,999
WD,999
WCHN,999
WCG,999
WCFB,999
WCC,999
WBT,999
WBS$F,999
HCC,999
GTHX,999
GSG,999
GSEW,999
GSEU,999
GSC,999
GSBD,999
GSBC,999
WBND,999
WBIB,999
WBIY,999
WDIV,999
WFT,999
WFIG,999
WFHY,999
WFE$A,999
WEA,999
WFC$T,999
WDR,999
WBK,999
WBIR,999
WBIL,999
GSB,999
WBII,999
WBIG,999
WBIF,999
WBIE,999
WBID,999
WBIC,999
WBIA,999
WBC,999
WBAL,999
WAT,999
WATT,999
WBIH,999
WGO,999
GSAT,999
GSAH.U,999
GSJY,999
GS$A,999
GS,999
GRX$B,999
GRAF.W,999
GRF,999
GRES,999
GREK,999
GRC,999
GRBK,999
GRBIC,999
GRAM,999
GRAF.U,999
GRI,999
GRAF,999
GRA,999
GQRE,999
GPX,999
GPS,999
GPRO,999
GNT$A,999
GSK,999
GSKY,999
GSL,999
GSL$B,999
GSAH,999
GS$N,999
GS$K,999
GS$J,999
GS$D,999
GS$C,999
GS$B,999
GSH,999
HCAPZ,999
GSIE,999
GSAH.W,999
GSS,999
GT,999
GSY,999
GSVC,999
GSV,999
GSUM,999
GSSC,999
GSP,999
GSIT,999
GSM,999
GSLC,999
GTE,999
WH,999
WHD,999
WHF,999
VWOB,999
VTIQU,999
VTIP,999
WAL,999
VTI,999
VSAT,999
VRTX,999
VRTV,999
VRTU,999
VRTSP,999
VRTS,999
VRSN,999
VRSK,999
VRS,999
VRRM,999
VRP,999
VRNT,999
VRNS,999
VRNA,999
VRML,999
VNO$L,999
VXF,999
VXRT,999
VXUS,999
VXXB,999
VTV,999
VTSI,999
VTR,999
VTNR,999
VTN,999
VTL,999
VTIQW,999
VVR,999
VVUS,999
WHR,999
VNO$K,999
VYMI,999
WAFD,999
WABC,999
WAB,999
WAAS,999
W,999
VZ,999
VYM,999
VWO,999
VYGR,999
VXZB,999
WAGE,999
VSDA,999
VSEC,999
VSGX,999
WFC$N,999
WFC$L,999
WF,999
WDRW,999
WEYS,999
WEX,999
WETF,999
WEI,999
WEC,999
WEBK,999
WFC$O,999
WEAT,999
WFC$W,999
WFC$X,999
WFC$Y,999
WHLRW,999
WHLRP,999
WHLRD,999
WHLR,999
WHLM,999
WHG,999
WHFBZ,999
WFC$V,999
VTWG,999
WFC$P,999
WFC$R,999
VSTM,999
VTHR,999
VTGN,999
VTEB,999
VTC,999
VTA,999
VT,999
VSTO,999
VST.A,999
VSH,999
WFC$Q,999
VST,999
VSMV,999
VSM,999
VSLR,999
VSL,999
VSI,999
WAIR,999
VVV,999
WALA,999
WFC,999
WANT,999
VSS,999
MRO,999
MRRL,999
MRSN,999
UGAZ,999
UGA,999
UG,999
UFS,999
UMH$C,999
UJPY,999
UIVM,999
UL,999
ULTI,999
UMH,999
UMDD,999
ULBI,999
UMC,999
UMBF,999
ULVM,999
ULTA,999
ULST,999
ULH,999
ULE,999
ULBR,999
UMH$B,999
UGLD,999
UGP,999
UHAL,999
UHS,999
URR,999
UROV,999
URI,999
URGN,999
URG,999
URE,999
URBN,999
URA,999
UQM,999
UPWK,999
SAL,999
UPW,999
UMRX,999
UPLD,999
UMH$D,999
UJUL,999
UJB,999
UJAN,999
UITB,999
UIS,999
UIHC,999
UHT,999
UPV,999
URTH,999
RUN,999
RQI,999
RTH,999
RRTS,999
RTEC,999
RSXJ,999
RSX,999
RST,999
RSP,999
RSG,999
RS,999
ROSEU,999
ROSE,999
RORE,999
RNLC,999
RNR$F,999
RNR$E,999
RNR$C,999
RNR,999
RNP,999
RNN,999
RNMC,999
RNGR,999
RTL,999
RTM,999
RTN,999
RTRX,999
RPV,999
RPUT,999
RPT$D,999
RPT,999
RPM,999
RPIBC,999
RPG,999
RPD,999
RPAI,999
RP,999
RRC,999
ROYT,999
ROUS,999
ROST,999
ROSEW,999
RRD,999
SAIL,999
RRR,999
RTIX,999
RUBI,999
RTW,999
RTTR,999
ROX,999
URTY,999
USA,999
UPS,999
UE,999
UDOW,999
UCHF,999
UDN,999
UCTT,999
UCON,999
UCOM,999
UCO,999
UCIB,999
UCI,999
UBCP,999
UAVS,999
UFI,999
TX,999
TYBS,999
TY$,999
TY,999
TXT,999
TXRH,999
TXN,999
TXMD,999
UEC,999
UEIC,999
UEPS,999
UEUR,999
UBX,999
UBT,999
UBSI,999
UBSH,999
UBS,999
UBR,999
UBP$H,999
UBP,999
USAC,999
UBOT,999
TWTR,999
UBOH,999
UBNK,999
UBIO,999
UBG,999
UBFO,999
UCBI,999
UCFC,999
UBA,999
UDR,999
UFAB,999
UEVM,999
UBNT,999
TYG,999
TWST,999
TWOU,999
UCC,999
UFPI,999
UNMA,999
UONEK,999
UONE,999
UOCT,999
UNVR,999
UNTY,999
UNT,999
UNP,999
UFCS,999
UNM,999
UNL,999
UNIT,999
UNH,999
UNG,999
UNFI,999
UNF,999
UNB,999
UPL,999
UFPT,999
UPRO,999
UMPQ,999
RNST,999
TYME,999
TYO,999
TWO$E,999
TWO$D,999
TWO$C,999
TWO$B,999
TWO$A,999
TYD,999
TYHT,999
UAUD,999
TZOO,999
UAN,999
TYNS,999
UAMY,999
UAG,999
UAE,999
UAA,999
UA,999
TZACW,999
TYL,999
TZACU,999
TZAC,999
TZA,999
TYPE,999
UAL,999
RNG,999
RNET,999
RNEM,999
MMIT,999
MMIN,999
MMI,999
MMDMW,999
MMDMU,999
MMDMR,999
MLP,999
MLNT,999
MNCL,999
MIME,999
MITK,999
MINT,999
MINI,999
MINDP,999
MIND,999
MINC,999
MIN,999
MILN,999
MITT,999
MIK,999
MIE,999
MMLP,999
MMDM,999
MMM,999
MMS,999
MLQD,999
MLPZ,999
MLPY,999
MLPQ,999
MRVL,999
MLPO,999
MLPI,999
MLPG,999
MLPE,999
MLPC,999
MIDZ,999
MLPB,999
MMAC,999
MMD,999
MLNX,999
MMP,999
MN,999
MMYT,999
MMU,999
MMTM,999
MMT,999
MMSI,999
MLPA,999
MIDU,999
MIDD,999
MICT,999
MR,999
MQY,999
MQT,999
MPX,999
MPWR,999
MPW,999
MPVD,999
MPV,999
MPO,999
MPLX,999
MRAM,999
MPC,999
MOTS,999
MOTI,999
MRBK,999
MRCC,999
MOSC.W,999
MRCCL,999
MRUS,999
MRTX,999
MRTN,999
MRT,999
MOV,999
MLR,999
MNCLW,999
MMC,999
MGY.W,999
MITO,999
MITT$A,999
MLND,999
MKSI,999
MLN,999
MLM,999
MLI,999
MLHR,999
MLCO,999
MNCLU,999
MLAB,999
MKL,999
MITT$B,999
MKGI,999
MKC.V,999
MKC,999
MJCO,999
MJ,999
MIY,999
MIXT,999
MNA,999
MKTX,999
GRFS,999
MLSS,999
MLVF,999
RUSHA,999
RZG,999
RZA,999
RYZZ,999
RYU,999
RYTM,999
RYT,999
RYN,999
RYJ,999
RYI,999
RYH,999
RYF,999
RYE,999
RYAM$A,999
RY,999
RXN$A,999
RXN,999
RUSHB,999
RZV,999
RXI,999
S,999
RRGB,999
RUBY,999
ROAM,999
ROAN,999
RNDV,999
RNDM,999
RNDB,999
RLJ$A,999
RNSC,999
RNWK,999
ROP,999
ROGS,999
ROOF,999
ROM,999
SAIC,999
ROLL,999
ROKU,999
ROK,999
ROIC,999
ROG,999
ROAD,999
RODM,999
RODI,999
ROCK,999
ROBT,999
ROBO,999
ROL,999
SAIA,999
SAH,999
SAGG,999
RVI,999
RVEN,999
RUTH,999
RUSS,999
RWX,999
RWGV,999
RWCD,999
RWJ,999
RWR,999
RWW,999
RVLT,999
RWVG,999
RWT,999
RWSL,999
RWUI,999
RWO,999
RWM,999
RWLS,999
RWLK,999
RWL,999
MS,999
MLPX,999
RWK,999
MLTI,999
RVNC,999
RVSB,999
SAGE,999
SAFT,999
SAFM,999
SAFE,999
SAF,999
SAEX,999
SACH,999
SABR,999
SAB,999
SAA,999
RWIU,999
SA,999
RZB,999
RXD,999
RVT,999
RWGE.W,999
RWGE.U,999
RWGE,999
RWED,999
RWDE,999
RWDC,999
RUSL,999
RXL,999
BEMO,999
GRID,999
GRSH,999
STBA,999
STK,999
PERI,999
PAVM,999
PBA,999
PER,999
PAYX,999
PAYC,999
PAWZ,999
PAVMZ,999
PAVMW,999
PAVE,999
PALL,999
PATK,999
PATI,999
PASS,999
PARR,999
PAR,999
PANW,999
PANL,999
PBB,999
STC,999
STCN,999
STE,999
STFC,999
ST,999
SSYS,999
SSY,999
SSWN,999
SSWA,999
SSW$I,999
SSW$G,999
SSW$E,999
STKS,999
SSW$D,999
PBBI,999
SSW,999
STAR$D,999
SPAQ.U,999
STAR$I,999
STG,999
STIP,999
STAY,999
STKL,999
STIM,999
STI,999
STI$A,999
SSTK,999
STAA,999
PBC,999
PBP,999
PAI,999
OVLY,999
OVLU,999
OVID,999
OVBC,999
OUT,999
OUSM,999
OUSA,999
OXSQL,999
OXY,999
OYLD,999
OZK,999
PAHC,999
PAGS,999
PAGP,999
PAG,999
PACW,999
PACQW,999
PACQU,999
PACQ,999
PACD,999
OVOL,999
OXBRW,999
OXFD,999
OXLC,999
PBND,999
PBJ,999
PBIP,999
PBI$B,999
PBI,999
PBHC,999
PBH,999
PBFX,999
PBF,999
PBEE,999
PBCT,999
PBE,999
PBD,999
PBCTP,999
PAM,999
PAK,999
PBR,999
OXBR,999
OXSQ,999
OXM,999
OXLCO,999
OXLCM,999
PBDM,999
STAF,999
STAG,999
STAG$C,999
SPWH,999
SPVU,999
SPTS,999
SPXS,999
SPTN,999
SPTM,999
SPTL,999
SPSM,999
SPLP$A,999
SPG$J,999
SPAQ.W,999
SPXN,999
SPXT,999
SRC,999
SQ,999
SRAX,999
SR,999
SQQQ,999
SQNS,999
SQM,999
SQLV,999
SPWR,999
SPXB,999
SPXC,999
SPXE,999
SSG,999
SSO,999
SSNT,999
SSNC,999
SSLJ,999
SSL,999
SSKN,999
SSI,999
SSFN,999
SRTS,999
SQBG,999
SSD,999
SSB,999
SRVR,999
SRV,999
SRTY,999
SRTSW,999
SRCI,999
SRC$A,999
SSPY,999
SPUU,999
SPXL,999
SSBI,999
SPYX,999
SPXU,999
SPYV,999
SSTI,999
STT$C,999
SU,999
SUNS,999
SUN,999
SUMR,999
SUM,999
SUI,999
SUB,999
STZ.B,999
STRT,999
STT$D,999
STXB,999
STX,999
STWD,999
STT$G,999
STT$E,999
STLD,999
STT,999
STL,999
STAR$G,999
STAR,999
STZ,999
PACB,999
STM,999
STMP,999
SPYG,999
SPYD,999
SPYB,999
SPY,999
SPXX,999
SPXV,999
SSP,999
SRRK,999
SSRM,999
STL$A,999
STML,999
STRS,999
STRM,999
STRL,999
STRA,999
STPZ,999
STPP,999
STOT,999
STOR,999
STON,999
STNLW,999
STNLU,999
STRO,999
SRCE,999
PACA,999
PAAS,999
LAUR,999
LASR,999
KYN$F,999
LBTYK,999
LC,999
LEDS,999
LDRS,999
LECO,999
LEAF,999
LEAD,999
LEA,999
LE,999
LDUR,999
LDSF,999
LDRI,999
LCI,999
LDP,999
LDOS,999
LDL,999
LD,999
LCUT,999
LAWS,999
LAZ,999
LAZY,999
LB,999
LGL,999
LGC,999
LGIH,999
LGI,999
LGF.B,999
LGF.A,999
LGCY,999
LGC.W,999
LGC.U,999
LEGH,999
LCNB,999
LEE,999
LBC,999
LBTYB,999
LBTYA,999
LBRT,999
LBRDK,999
LBRDA,999
LBJ,999
LBDC,999
LBAI,999
LBY,999
LII,999
LGND,999
LCII,999
LFUS,999
LOV,999
LOUP,999
LORL,999
LOR,999
LOPE,999
LOOP,999
LONE,999
LOMA,999
LOGM,999
LOGI,999
LMRK,999
LOCO,999
LMNR,999
LITB,999
LIVE,999
LIVN,999
LIVX,999
LJPC,999
LIT,999
LIQT,999
LION,999
LOVE,999
LOW,999
LOWC,999
LPCN,999
LILA,999
LILAK,999
LNTH,999
LNT,999
LNN,999
LNGR,999
LNG,999
LNDC,999
LND,999
LNC.W,999
LIFE,999
LNC,999
LMT,999
LMST,999
LMRKP,999
LMRKO,999
LMRKN,999
LOAC,999
LODE,999
LMNX,999
LOGC,999
LPG,999
LN,999
LGOV,999
LH,999
LHC,999
PEO,999
PENN,999
PEN,999
PEK,999
PEJ,999
PEIX,999
PEI$D,999
PEI$C,999
PEI$B,999
PEGA,999
PEG,999
PBS,999
PEBO,999
PEBK,999
PDCO,999
PED,999
PDBC,999
PCG$G,999
PCG$C,999
PCG$B,999
PCG$A,999
PEP,999
PEB$F,999
PDCE,999
PEB$E,999
PAA,999
OZM,999
PBPB,999
PB,999
PBR.A,999
PEB$D,999
PEB,999
PE,999
PDVW,999
PDT,999
PCG,999
PDSB,999
PDP,999
PDN,999
PDM,999
PDLI,999
PDLB,999
PDI,999
PDFS,999
PDEX,999
PDD,999
PEB$C,999
PDS,999
PCF,999
PCYO,999
PCEF,999
LFACW,999
LFACU,999
LFAC,999
LEXEB,999
LEXEA,999
LEVL,999
LEU,999
LPI,999
LEO,999
LENS,999
LFC,999
LEN.B,999
LEMB,999
LEJU,999
LEGR,999
LFEQ,999
LFVN,999
LEG,999
LGLV,999
LHCG,999
LHC.W,999
LHC.U,999
LEN,999
PAC,999
LEVB,999
PCG$I,999
PCB,999
PCAR,999
PBYI,999
PBY,999
PBW,999
PBUS,999
PBTP,999
PBT,999
PCG$D,999
PCG$E,999
LPL,999
PCN,999
PCYG,999
PCY,999
PCTY,999
PCTI,999
PCG$H,999
PBSM,999
PCM,999
PCK,999
PCI,999
PCH,999
PCMI,999
SRT,999
SUNW,999
SRCL,999
FSMD,999
FSMB,999
FRLG,999
FRI,999
FRGI,999
FREL,999
FRED,999
FRD,999
FRC$I,999
FRC$H,999
FRC$G,999
FRC$F,999
FRC$D,999
FRC,999
FRBK,999
FRBA,999
FPI$B,999
FPAC.W,999
FPAC.U,999
FRME,999
FRN,999
FSNN,999
FSP,999
GATX,999
FTGC,999
FSTR,999
FSTA,999
FSS,999
FTEC,999
FTEO,999
FTV$A,999
FTF,999
FTSV,999
FTSM,999
FTSL,999
FRO,999
FTSI,999
FTS,999
FTRI,999
FTR,999
FTNW,999
FTNT,999
FTLS,999
FTLB,999
FTK,999
FTI,999
FTHI,999
FTSD,999
FSV,999
FSBW,999
FSLR,999
FXE,999
FXP,999
FXO,999
FXN,999
FXL,999
FXI,999
FXH,999
FXG,999
GAB$D,999
GAB$G,999
GAB$H,999
GAB$J,999
GASX,999
GASS,999
GASL,999
GARS,999
GARD,999
GAMR,999
GAM$B,999
GAM,999
GALT,999
FXY,999
FYC,999
FYLD,999
FYT,999
FSK,999
FSI,999
FSFG,999
FSD,999
FSCT,999
FSBC,999
FRPH,999
FSB,999
FRTA,999
FRT$C,999
FSM,999
FRT,999
FRSH,999
FRPT,999
FTV,999
FTFT,999
FTVA,999
FXZ,999
GAB,999
GAA,999
FTXD,999
FYX,999
FRSX,999
FSZ,999
FT,999
FTA,999
HAE,999
HACK,999
HABT,999
HA,999
H,999
GYRO,999
GYLD,999
GYC,999
GYB,999
HAO,999
HAP,999
GTIP,999
HBIO,999
HCA,999
HBP,999
HBNC,999
HBMD,999
HBM,999
HBK,999
HBI,999
HAWX,999
HAFC,999
HAIN,999
HAIR,999
HAL,999
GRX,999
GRVY,999
GRUB,999
GRU,999
GRTS,999
GRSHW,999
GRSHU,999
GRPN,999
GRIF,999
GRP.U,999
HBCP,999
GROW,999
GRNB,999
GRMY,999
GRMN,999
GRIN,999
GTES,999
GSHD,999
GTIM,999
GXC,999
HALO,999
HALL,999
GRNQ,999
HBB,999
HBANO,999
HBANN,999
GUT,999
GWRS,999
GUT$A,999
HCAP,999
GWRE,999
GWR,999
GWPH,999
GWGH,999
GVIP,999
GVP,999
GWW,999
GAZ,999
FTDR,999
FTD,999
FTCS,999
FTCH,999
FTC,999
FTAI,999
FTAG,999
FTACW,999
FTACU,999
FTAC,999
FTEK,999
GAL,999
GWB,999
HCACU,999
HBAN,999
HAYN,999
GXF,999
GXG,999
GWX,999
GUSH,999
GURE,999
GUNR,999
GULF,999
GUDB,999
GVI,999
GTYHW,999
GTY,999
GTXI,999
GTX,999
GTT,999
GTS,999
GTO,999
GTN.A,999
GTN,999
GTLS,999
GURU,999
GTYH,999
GAINM,999
GAINL,999
GAIN,999
NCBS,999
NCB,999
NCA,999
NC,999
NCZ,999
NDAQ,999
NBW,999
NDLS,999
NEN,999
NEM,999
NEED,999
NEE$R,999
NEE$N,999
NEE$K,999
NEE$J,999
NEBU,999
NEAR,999
NEA,999
NE,999
NDSN,999
MZZ,999
NCI,999
NCLH,999
NCMI,999
NCNA,999
MUNI,999
MUJ,999
MUI,999
MUH,999
MUFG,999
MUE,999
MUDSW,999
MUDSU,999
MUDS,999
MUC,999
NDRA,999
MUB,999
MXL,999
MZA,999
NCZ$A,999
NCV$A,999
NCV,999
NCTY,999
NCSM,999
NCS,999
NCR,999
NCOM,999
MYT,999
NDP,999
NBY,999
NDRAW,999
NBN,999
NBLX,999
NBL,999
NAVB,999
NBHC,999
SUP,999
SRG,999
SRRA,999
SRPT,999
SRNE,999
NBH,999
SRLP,999
SRI,999
SRG$A,999
SRF,999
SRS,999
SREV,999
SRET,999
SRE$B,999
SRE$A,999
SRE,999
SRDX,999
SRLN,999
MUR,999
NBO,999
NAVG,999
NBTB,999
NAV,999
NATI,999
NAT,999
NAOV,999
NAO,999
NANR,999
NANO,999
NAN,999
NAKD,999
NBR,999
NAK,999
NAII,999
NAD,999
NACP,999
NAC,999
NBRV,999
NATR,999
NATH,999
NAV$D,999
NBIX,999
NBR$A,999
NAIL,999
GRX$A,999
MUS,999
MUST,999
FWDB,999
FWDD,999
FWDI,999
FTXH,999
FTXG,999
FXC,999
FXB,999
FXA,999
FWONA,999
FWRD,999
FWONK,999
NEOG,999
MX,999
MXIM,999
MXI,999
MXF,999
MXE,999
MXDU,999
MXDE,999
MXC,999
MWA,999
FVL,999
FWP,999
FVE,999
FVC,999
GAIA,999
GABC,999
FXF,999
G,999
FXD,999
FVD,999
FVAL,999
FV,999
FUV,999
FUTY,999
MXWL,999
FUT,999
FUND,999
FUNC,999
FTXL,999
FUE,999
FUD,999
FTXR,999
FTXO,999
FTXN,999
FXCH,999
FVCB,999
FUSB,999
MVV,999
MVT,999
MVO,999
MUX,999
MTRN,999
MTW,999
MTUM,999
MTT,999
MTSL,999
MTSI,999
MTSC,999
MTRX,999
MTR,999
MVBF,999
MUTE,999
MTOR,999
MTNB,999
MTN,999
MTLS,999
MTL$,999
MTL,999
MTX,999
MTZ,999
MU,999
MUA,999
MTP,999
MUSA,999
MVC,999
MYF,999
MVIS,999
MVIN,999
MVF,999
MVCD,999
NEO,999
MYC,999
MYY,999
MYND,999
MYSZ,999
MYRG,999
MYE,999
MYOV,999
MYOK,999
MYO,999
MYNDW,999
MYN,999
MYD,999
MYL,999
MYJ,999
MYI,999
MYGN,999
MYFW,999
MYOS,999
BBT,999
BELFB,999
BELFA,999
ESGL,999
ESGG,999
ESGF,999
ESGE,999
ESGD,999
ESTA,999
ESE,999
ESGRO,999
ESCA,999
ESBK,999
ESBA,999
ES,999
ERYP,999
ERY,999
ERX,999
ESGR,999
ESG,999
ESP,999
ESSA,999
ESRT,999
ESQ,999
ESGN,999
ESEA,999
ESTC,999
ETJ,999
ESV,999
ESTRW,999
ETRN,999
ETSY,999
ERUS,999
ETY,999
EV,999
EUXL,999
EUSC,999
EUSA,999
ESPR,999
EURZ,999
EURL,999
EUO,999
EUMV,999
EUM,999
EUFX,999
EUFN,999
EUFL,999
EUDV,999
EUDG,999
ESTR,999
EURN,999
ESXB,999
ESPO,999
ESML,999
WTIU,999
XBIT,999
XELA,999
XEL,999
XEC,999
XDIV,999
XCOM,999
XCEM,999
XBUY,999
XBIO,999
WYND,999
XBI,999
XAR,999
XAN$C,999
XAN,999
X,999
WYY,999
WYNN,999
WTM,999
WTID,999
XENE,999
WYDE,999
Y,999
WTMF,999
WTR,999
ESLT,999
ESI,999
ESGW,999
ESGV,999
ESGU,999
ESS,999
YANG,999
WUBA,999
WWR,999
WWE,999
ESNT,999
WWD,999
WVVI,999
WVFC,999
WVE,999
WU,999
WY,999
WTW,999
WTTR,999
WTT,999
WTS,999
WTRH,999
WVVIP,999
ET,999
ETB,999
ETFC,999
EVA,999
ERC,999
ERJ,999
ERII,999
ERIE,999
ERIC,999
ERI,999
ERH,999
ERF,999
ERA,999
EQM,999
EQWM,999
EQWL,999
EQT,999
EQS,999
EQRR,999
EQR,999
EQNR,999
EPP,999
EPM,999
EROS,999
EQL,999
EQIX,999
EPR,999
EPR$C,999
FCFS,999
FCG,999
FCEL,999
FCEF,999
FCCY,999
EVBG,999
EPOL,999
EQH,999
EQC$D,999
EQC,999
EPIX,999
EQBK,999
EQ,999
EPZM,999
EPV,999
EPU,999
EPSN,999
EPS,999
EPRT,999
EPRF,999
EPR$G,999
EPR$E,999
EQAL,999
ENTX,999
ENTR,999
ENTG,999
ENX,999
EOS,999
EOLS,999
EOI,999
EOG,999
EOD,999
ENZL,999
ENZ,999
ERM,999
EQLT,999
EOT,999
ERSX,999
ETR,999
ETP$D,999
ETP$C,999
ETON,999
ETO,999
ETN,999
ETM,999
ETH,999
ESTE,999
ETG,999
ETHO,999
WRB$C,999
EPAM,999
EPC,999
ENTA,999
ENT,999
ENSV,999
ENSG,999
ENS,999
ENR$A,999
ENR,999
ENPH,999
ENOR,999
ENOB,999
EPAY,999
ENO,999
ENJ,999
ENIC,999
ENTXW,999
ENV,999
ENVA,999
EP$C,999
EPI,999
EPHE,999
EPE,999
EPD,999
ENLC,999
FCN,999
WRLS,999
WRK,999
MCBC,999
MCB,999
MCA,999
MC,999
MBUU,999
MBII,999
MBTF,999
MBT,999
MBSD,999
MBRX,999
MBOT,999
MBIO,999
MBIN,999
MANT,999
MAN,999
MCF,999
LVL,999
LXFT,999
LXFR,999
LX,999
LWAY,999
MCC,999
MCD,999
MCEF,999
MBWM,999
XLF,999
MFNC,999
MATW,999
MBFI,999
MBCN,999
MBB,999
MAYS,999
MAXR,999
MAV,999
MATX,999
LW,999
MAT,999
MASI,999
MAS,999
MARPS,999
MARK,999
MARA,999
MAR,999
MANU,999
MFMS,999
MBI,999
MANH,999
MBG,999
XLG,999
LVUS,999
LVIN,999
LYG,999
LYB,999
MCEP,999
MBFIO,999
MCFT,999
METC,999
MET$A,999
MET,999
MESO,999
MEOH,999
MEN,999
MELR,999
MELI,999
MEIP,999
MEI,999
MEET,999
MEDP,999
MED,999
MEAR,999
MDYV,999
MDYG,999
LYL,999
LYTS,999
LYV,999
LZB,999
LXP$C,999
LVHI,999
LVHE,999
LVHD,999
LVHB,999
LUV,999
LUNA,999
LTS$A,999
LXP,999
LXRX,999
LVS,999
MAMS,999
MAIN,999
MAGS,999
MAGA,999
MAG,999
MACK,999
MAC,999
MAA$I,999
MA,999
LXU,999
M,999
MAA,999
XLI,999
XLK,999
XLNX,999
WSO,999
WSM,999
WSFS,999
WSC,999
WSBF,999
WSBC,999
WRTC,999
XELB,999
WWW,999
XENT,999
XRLV,999
XRAY,999
XPP,999
XPO,999
XPL,999
XPH,999
XPER,999
XOP,999
XONE,999
XON,999
XOMA,999
WRN,999
WSO.B,999
WST,999
WSTG,999
WRI,999
WRE,999
WRB$E,999
WRB$D,999
WRB$B,999
WRLSU,999
WRB,999
WPX,999
WPS,999
WPRT,999
XOM,999
WPP,999
WPG$I,999
WRLSR,999
WRLSW,999
WTI,999
WSR,999
WTFCM,999
WTFC,999
WTER,999
WTBA,999
WSTL,999
WPM,999
XOG,999
XNTK,999
XNET,999
XKFS,999
XKFF,999
XKCP,999
XITK,999
XINA,999
XHS,999
XHR,999
XHE,999
XHB,999
XFOR,999
XKII,999
XFLT,999
XME,999
XLB,999
XIN,999
XLE,999
XLP,999
XLEY,999
XLY,999
XLUY,999
XLV,999
XLRE,999
XES,999
WRLD,999
XKST,999
XMLV,999
XNCR,999
XRF,999
XRT,999
XMPT,999
XRX,999
XYL,999
XUSA,999
XTNT,999
XTN,999
XTLB,999
XLC,999
XTL,999
XT,999
XSW,999
XSPA,999
XSOE,999
XSLV,999
XERS,999
XSHD,999
XSD,999
XMX,999
XSHQ,999
XTH,999
FCNCA,999
FCO,999
FCOM,999
BURG,999
BUI,999
BUD,999
BTZ,999
BTX,999
BWA,999
CBK,999
BWEN,999
BX,999
BXS,999
BXP$B,999
BXP,999
BXMX,999
BXMT,999
BXG,999
BXC,999
BWZ,999
BWFG,999
BWXT,999
BWX,999
BWMCW,999
BURL,999
BUSE,999
BUY,999
BUYN,999
HPQ,999
HPP,999
HPI,999
HPF,999
HPE,999
HP,999
HOVNP,999
HOV,999
HPJ,999
HOS,999
BWMCU,999
HOPE,999
CBL,999
BYD,999
BW,999
BVXVW,999
BVXV,999
BVSN,999
BVNSC,999
BVN,999
BVAL,999
BV,999
HONR,999
HONE,999
BWMC,999
BWG,999
BTEC,999
BTE,999
BTAL,999
BTAI,999
BTA,999
BSX,999
BSM,999
BSVN,999
BSV,999
BSTC,999
BST,999
BSRR,999
BSQR,999
BSMX,999
BY,999
BWB,999
BYFC,999
CASM,999
CASH,999
CASA,999
CARZ,999
BTG,999
BTI,999
BT,999
BTN,999
BTU,999
BTT,999
BTO,999
BSGM,999
BSJO,999
BSJN,999
BSJM,999
BSJL,999
BSJK,999
BSJJ,999
BWL.A,999
BSIG,999
BSJQ,999
BSE,999
BSDE,999
BSD,999
BSCS,999
BSCR,999
BSCQ,999
BRG$A,999
BSJP,999
BSL,999
BSET,999
HOTH,999
HON,999
HMSY,999
HHHH,999
HHC,999
HGV,999
HGSH,999
HGH,999
HFC,999
HFXJ,999
HFXI,999
HFXE,999
HFWA,999
HFRO,999
HFGIC,999
HFFG,999
HMLP$A,999
HK.W,999
HMNF,999
HRS,999
HSGX,999
HMOP,999
HSCZ,999
HSC,999
HHHHR,999
HHHHU,999
HHHHW,999
HGLB,999
HI,999
HHS,999
HEZU,999
HEXO,999
HEWY,999
HEWW,999
HEWU,999
HEWP,999
HEWL,999
HEWJ,999
HSBC$A,999
HEWI,999
HEWC,999
HESM,999
HES,999
HEQ,999
HEP,999
HELE,999
HEI.A,999
HF,999
HFBC,999
HFBL,999
HEWG,999
HRTX,999
HRTG,999
HROW,999
HSRT,999
HSPX,999
HQH,999
HSDT,999
HPS,999
HOMZ,999
HOLD,999
HOG,999
HOFT,999
HNW,999
HST,999
HNRG,999
HNNA,999
HNI,999
HNGR,999
HNDL,999
HMY,999
HMTV,999
HMTA,999
HPR,999
HMST,999
HOML,999
HNP,999
CARV,999
HSTM,999
HT,999
HSII,999
HRL,999
HRI,999
HRC,999
HRB,999
HR,999
HQY,999
HQL,999
HSIC,999
HSKA,999
HSY,999
HPT,999
HTFA,999
HTD,999
HTBX,999
HTBK,999
HTBI,999
HTAB,999
HTA,999
HT$D,999
HSON,999
HT$C,999
HT$E,999
CART,999
CARS,999
CARO,999
EXK,999
EXI,999
EWZ,999
EXG,999
EXFO,999
EXEL,999
EXD,999
EXC,999
EXAS,999
EWZS,999
FBC,999
FAAR,999
FBHS,999
FDRR,999
FDNI,999
FDN,999
FDMO,999
FDM,999
FDL,999
FDIV,999
FDIS,999
EXLS,999
EXP,999
EXPD,999
EXPE,999
EWV,999
EWUS,999
EWU,999
EWT,999
EWSC,999
EWS,999
EWRE,999
EWP,999
EWX,999
EWO,999
FDHY,999
EWN,999
EWM,999
EWL,999
EWK,999
EWJV,999
EWW,999
EWY,999
EXPR,999
EXIV,999
EXPO,999
EXPI,999
EWMC,999
FDEV,999
FDEU,999
FDEM,999
FCT,999
FCAU,999
FCAP,999
FCAN,999
FBZ,999
FBT,999
FBSS,999
FBND,999
FCBP,999
FBNC,999
FCTR,999
FBMS,999
FBK,999
FBIZ,999
FBIOP,999
FCBC,999
FBP,999
FCCO,999
FCF,999
FCSC,999
FCPT,999
FCOR,999
FBM,999
EWQ,999
FDLO,999
FDUSZ,999
FDEF,999
FDD,999
FDC,999
FDBC,999
FDP,999
FBIO,999
FCVT,999
FDUSL,999
FENG,999
FENC,999
FCX,999
FEN,999
FEMB,999
FEM,999
FELP,999
FELE,999
FEIM,999
FEI,999
FEDU,999
FE,999
FDX,999
FDVV,999
FEMS,999
MET$E,999
FBGX,999
EXTN,999
CATH,999
CANE,999
CAPE,999
CAMP,999
CAAP,999
BYSI,999
CALX,999
CACC,999
CAC,999
CABO,999
CAAS,999
C$S,999
BZH,999
C$N,999
C$K,999
C$J,999
C,999
BZUN,999
BZQ,999
BYM,999
CBIO,999
CATM,999
CATO,999
CATS,999
CATY,999
CARG,999
CARB,999
CARA,999
CAR,999
CAPR,999
CAPL,999
CANG,999
CANF,999
CASI,999
BYLD,999
CAI$B,999
CAMT,999
CBH,999
CBFV,999
CBD,999
CBB$B,999
CBB,999
CBAY,999
CBAT,999
CBAN,999
CB,999
CAW,999
CATC,999
CAI$A,999
CALM,999
CALF,999
EYE,999
EXTR,999
FENY,999
FAD,999
EXT,999
FAS,999
FB,999
FAZ,999
FAX,999
FAUS,999
EYEG,999
FATE,999
FAST,999
FARO,999
FAF,999
FARM,999
FANH,999
FANG,999
FAN,999
FAMI,999
FAM,999
FALN,999
FAT,999
EXR,999
EYEGW,999
EYES,999
CALA,999
CAL,999
CAKE,999
CAJ,999
BZM,999
CAI,999
CAH,999
CAG,999
CAF,999
CAE,999
EYEN,999
FEO,999
F,999
EZU,999
EZT,999
EZPW,999
EZM,999
EZJ,999
EZA,999
EYLD,999
FAB,999
EYESW,999
EYPT,999
HIBB,999
MCHI,999
MFA,999
RDFN,999
RDCM,999
RDC,999
RCUS,999
RCS,999
RCP,999
RIGL,999
RCMT,999
RBA,999
RAVN,999
RAVI,999
RAVE,999
QURE,999
QUOT,999
QUMU,999
QUIK,999
QUAL,999
QUAD,999
QTWO,999
QTUM,999
QTT,999
RDHL,999
RDI,999
RDIB,999
RDIV,999
RCA,999
RC,999
RBZ,999
RBUS,999
RBS,999
RBNC,999
RBKB,999
RBIN,999
RBCN,999
RBCAA,999
QTS$B,999
RBC,999
RBB,999
RCKT,999
RCL,999
RDVY,999
RCM,999
RDUS,999
RDS.B,999
RDS.A,999
RDNT,999
RDN,999
RBBN,999
RCD,999
QTS$A,999
QTRX,999
RDWR,999
RFIL,999
RGEN,999
RGCO,999
RDY,999
RFV,999
RFUN,999
RFP,999
RFL,999
RFI,999
RGLB,999
RFEM,999
RFDI,999
RFDA,999
RFCI,999
RFAP,999
RF$B,999
RF$A,999
RGI,999
RGLD,999
REZI,999
RCON,999
RDVT,999
QWLD,999
QXGG,999
QTRH,999
QTNT,999
QTNA,999
QIWI,999
QUS,999
QVAL,999
QVCD,999
RAD,999
RARX,999
RARE,999
QTS,999
RAND,999
RALS,999
RAIL,999
RADA,999
RACE,999
QVM,999
RAAX,999
RA,999
R,999
QYLD,999
QXTR,999
RAMP,999
RCG,999
RCI,999
RCII,999
PLL,999
PLM,999
POST,999
POR,999
POPE,999
POOL,999
POLA,999
POL,999
PODD,999
POCT,999
PNW,999
PNTR,999
PNRL,999
PNRG,999
PNR,999
PNNT,999
PNM,999
POWI,999
PPDF,999
PNFP,999
PPDM,999
PJT,999
PLD,999
PHI,999
PHII,999
PGJ,999
PGHY,999
PGF,999
PGC,999
PHCF,999
PHDG,999
PICK,999
PHT,999
PICB,999
PI,999
PPX,999
PHYS,999
PHX,999
PHUNW,999
PHUN,999
PHO,999
PHG,999
PHM,999
PHK,999
PHIOW,999
PHIO,999
PHIIK,999
PHYL,999
PPTY,999
PPT,999
PPSI,999
PLSE,999
PLPC,999
PLOW,999
PLNT,999
PLND,999
PNC$Q,999
PM,999
PMT$B,999
PNC$P,999
PNBK,999
PLT,999
PMX,999
PMT$A,999
PMT,999
PMR,999
PMOM,999
PMO,999
PMM,999
PML,999
PNC,999
RIGS,999
RCKY,999
PMTS,999
RHP,999
PLTM,999
PLUG,999
PPSC,999
PPR,999
PPMC,999
PPLT,999
PPLN,999
PPLC,999
PPL,999
PPIH,999
PPH,999
PPG,999
PMBC,999
PPEM,999
PNQI,999
PNF,999
PLUS,999
PLYM$A,999
PLYM,999
PLYA,999
PLXS,999
PLXP,999
PLX,999
PLW,999
PNI,999
PGLC,999
RIG,999
RIDV,999
AEG,999
ADRD,999
AEH,999
AGN,999
AEHR,999
AGO,999
AGND,999
AGNCN,999
AGNCM,999
AGNCB,999
AGNC,999
AGMH,999
AGG,999
AGM.A,999
AGM$C,999
AGM$B,999
AGM$A,999
AGM,999
AGLE,999
AGIO,999
AGO$E,999
ACIU,999
ACIW,999
ACLS,999
ACM,999
ACBI,999
ACB,999
ACAMU,999
ABR$C,999
ABR$B,999
ABR$A,999
ACHN,999
ACIA,999
ACTG,999
ACP,999
AGO$F,999
ACT,999
ACSI,999
ACSG,999
ACRX,999
ACRS,999
ACRE,999
ACOR,999
ACIM,999
ACNB,999
ACN,999
ACMR,999
ACST,999
ACC,999
AGQ,999
AHT,999
AEY,999
AETI,999
AES,999
AERI,999
AGFS,999
AEL,999
AEIS,999
AFHBL,999
AFGB,999
AFIF,999
AG,999
AFIN,999
AGF,999
AGEN,999
AGD,999
AGCO,999
AGE,999
AFTY,999
AFT,999
AFMD,999
AFL,999
AEYE,999
AEZS,999
AFB,999
AFC,999
AHPI,999
AHL$D,999
AHL$C,999
AHH,999
AHC,999
AGZD,999
AGZ,999
AGYS,999
AGX,999
AGTC,999
AGR,999
AGT,999
AGRX,999
AGRO,999
AGGE,999
AGO$B,999
AGFSW,999
AFI,999
AFH,999
AFGH,999
AFGE,999
AFG,999
AGS,999
ACHV,999
ACCO,999
ACES,999
REET,999
REEM,999
REED,999
REDV,999
REXR$B,999
RECN,999
RE,999
REML,999
REDU,999
RENN,999
RETA,999
REXR,999
REX,999
REW,999
REVG,999
REV,999
RETO,999
RETL,999
REPH,999
RESN,999
REXR$A,999
REMX,999
REFA,999
REG,999
REGI,999
RICK,999
RIBT,999
RHT,999
RHS,999
RHI,999
RGLS,999
RHE$A,999
RHE,999
RH,999
RGT,999
REPL,999
RGS,999
RGNX,999
RF,999
RGA,999
REZ,999
REFR,999
REM,999
RELX,999
RELV,999
REGN,999
REGL,999
RGR,999
RESI,999
RES,999
AHT$F,999
AE,999
ADXS,999
ADX,999
ADUS,999
ADRE,999
ADTN,999
ADT,999
ADSW,999
ADSK,999
ADS,999
AEB,999
ADRU,999
ACWF,999
ACV,999
ACU,999
ACER,999
ACHC,999
ACH,999
ACGLP,999
ACGLO,999
ACGL,999
ACET,999
ADRO,999
RIF,999
AED,999
AEF,999
AEGN,999
ADOM,999
ADNT,999
ADMS,999
ADMP,999
ADMA,999
ADM,999
ADILW,999
ADIL,999
ADI,999
AEE,999
ADES,999
ADBE,999
ADAP,999
ACY,999
ACWX,999
ACWV,999
ACWI,999
ADP,999
ADRA,999
AHT$D,999
ADVM,999
ADC,999
PGM,999
PGNX,999
PHD,999
DLR$G,999
DRAD,999
DOOO,999
DRE,999
DTW,999
DUKB,999
DUK,999
DRH,999
DUC,999
DTYS,999
DTYL,999
DTY,999
DTQ,999
DURA,999
DTO,999
DTN,999
DTLA$,999
DTJ,999
DTH,999
DTF,999
DTEC,999
DLR$H,999
DLR$I,999
DLR$J,999
DLR$K,999
DL,999
DKT,999
DKS,999
DKL,999
DK,999
DJPY,999
DHR$A,999
DLPN,999
DLPNW,999
DLR,999
DUKH,999
DLX,999
DMO,999
DMLP,999
DMF,999
DMDV,999
DMB,999
DMAC,999
DLTR,999
DLR$C,999
DLTH,999
DLS,999
DMPI,999
DLA,999
DUSA,999
DVN,999
DRV,999
DRSK,999
DSGX,999
DRNA,999
DRN,999
DRIV,999
DRIP,999
DSX$B,999
DRIO,999
DRI,999
DSE,999
DRIOW,999
DSI,999
DSKE,999
DSSI.V,999
DSS,999
DSW,999
DSWL,999
DSU,999
DSX,999
DSPG,999
DRW,999
DRYS,999
DS,999
DS$B,999
DWAQ,999
DVYL,999
DVYE,999
DVYA,999
DVY,999
DVP,999
DVOL,999
DVLU,999
DUSL,999
DVHL,999
DTE,999
DVEM,999
DVCR,999
DVAX,999
DVA,999
DUST,999
DTEA,999
DUG,999
DTD,999
DRUA,999
DS$D,999
DS$C,999
DVD,999
DLB,999
DLBR,999
DLBS,999
MCRB,999
MCR,999
MCO,999
MCN,999
MCK,999
MCI,999
MCHX,999
MDT,999
MDCO,999
MDB,999
MDGS,999
MDJH,999
MDSO,999
MDRX,999
MDRR,999
MDR,999
MDP,999
MDLZ,999
MDLY,999
MDLQ,999
MDLX,999
MCRI,999
MCRN,999
MCRO,999
MD,999
MFM,999
MFL,999
MFINL,999
MFIN,999
MFGP,999
MFG,999
MFEM,999
MFDX,999
MFD,999
MFCB,999
MDIV,999
MFC,999
MFAC.U,999
MFAC,999
MFA$B,999
MDY,999
MEXX,999
MDU,999
MDGL,999
MDCA,999
MDC,999
MCHP,999
MFAC.W,999
MDGSW,999
DWAT,999
DOL,999
DPLO,999
DPK,999
DPHCU,999
DPG,999
DOX,999
DOW.V,999
DOVA,999
DOV,999
DORM,999
DOOR,999
DPST,999
DWAS,999
DMRM,999
DMRL,999
DMRI,999
DMRC,999
DLPH,999
DLNG$B,999
DLNG$A,999
DLNG,999
DLN,999
DLHC,999
DOO,999
DSM,999
DPW,999
DQ,999
DOGS,999
DOG,999
DOD,999
DOCU,999
DOC,999
DO,999
DNR,999
DNP,999
DNOW,999
DNN,999
DPZ,999
DNLI,999
DNKN,999
DNJR,999
DNI,999
DNBF,999
DMRS,999
DOGZ,999
DOMO,999
DRD,999
DON,999
DQML,999
DNL,999
DSLV,999
DSL,999
DSKEW,999
NOV,999
NOVN,999
NOVT,999
NOW,999
NPK,999
NPN,999
NPO,999
NP,999
NRCG,999
NRGX,999
NS$C,999
NS$B,999
NS$A,999
NRZ,999
NRT,999
NRP,999
NRO,999
NRK,999
NRIM,999
NS,999
NRE,999
NORW,999
NOMD,999
NOM,999
NOK,999
NUBD,999
NUAN,999
NUAG,999
NTZ,999
NTX,999
NTWK,999
NTSX,999
NTRSP,999
NTRS,999
NTRP,999
NRCG.W,999
NTRA,999
NTP,999
NTNX,999
NTN,999
NSEC,999
NTIP,999
NSA$A,999
NRC,999
NSA,999
NODK,999
NOG,999
NTR,999
NRG,999
PQIN,999
PIR,999
PLAB,999
PKW,999
PK,999
PKOH,999
PKO,999
PKI,999
PKG,999
PKE,999
PKBK,999
PKB,999
PLAG,999
PIE,999
PLG,999
PGR,999
PHB,999
PHAS,999
PH,999
PGZ,999
PGX,999
PGTI,999
PGRE,999
PGP,999
PICO,999
NTLA,999
PLAN,999
PLBC,999
PJH,999
PJC,999
PJAN,999
PIZ,999
PIY,999
PIXY,999
PIRS,999
PIO,999
PQG,999
PINC,999
PLAY,999
PIN,999
PILL,999
PII,999
PIHPP,999
PIH,999
PJP,999
PJUL,999
PID,999
PKX,999
PLCY,999
PLCE,999
PIM,999
MDWD,999
NOC,999
NTG,999
NNN$E,999
NNN,999
NNI,999
NNDM,999
NNBR,999
NMR,999
NNA,999
NMZ,999
NMY,999
NMT,999
NMS,999
NMRK,999
NMRD,999
NLS,999
NLNK,999
NOAH,999
NHF,999
NI$B,999
NI,999
NHTC,999
NHS,999
NNN$F,999
NNVC,999
NNY,999
NNC,999
DSTL,999
NUE,999
NM$G,999
NMK$B,999
NMIH,999
NMI,999
NMFX,999
NMFC,999
NMCI,999
NM$H,999
NHLDW,999
NM,999
NLY$H,999
NLY$G,999
NLY$F,999
NLY$D,999
NLY$C,999
NLY,999
NLSN,999
NUDM,999
NMM,999
NLR,999
NML,999
NHLD,999
NHI,999
NHC,999
NIHD,999
NIE,999
NOA,999
NMK$C,999
NOBL,999
NSTG,999
NTES,999
NTEC,999
NTCT,999
NTC,999
NIM,999
NTB,999
NSYS,999
NSSC,999
NSC,999
NSS,999
NSPR.W,999
NSPR.B,999
NSPR,999
NSP,999
NSL,999
NSIT,999
NTAP,999
NTGN,999
NINE,999
NIQ,999
NICE,999
NHA,999
NH,999
NGVT,999
NGVC,999
NGS,999
NGLS$A,999
NGL$B,999
NIB,999
NICK,999
NIO,999
NL,999
NKX,999
NKTR,999
NKSH,999
NKG,999
NKE,999
NK,999
NJV,999
NIU,999
NID,999
NITE,999
NJR,999
UBP$G,999
HIE,999
HL,999
BKT,999
BKSC,999
BKS,999
BKNG,999
BKN,999
BKLN,999
BKK,999
BKJ,999
BKI,999
BKH,999
BKF,999
BKEPP,999
BKEP,999
BKE,999
BKD,999
BKCH,999
BKCC,999
BKTI,999
BKU,999
BRACR,999
BLFS,999
BLNKW,999
BRACU,999
PWOD,999
PVT.U,999
PUB,999
PTY,999
PTVCB,999
PTVCA,999
PTSI,999
PXD,999
PTNQ,999
PTNR,999
PTR,999
PVG,999
BLMT,999
PVAC,999
PWZ,999
PWC,999
PVL,999
PWR,999
PWS,999
PWV,999
PWB,999
PW$A,999
PW,999
PVTL,999
PVI,999
PUI,999
BLMN,999
BLKB,999
BHV,999
BHTG,999
BHR$D,999
BHR$B,999
BFS$D,999
BFS$C,999
BIL,999
BIMI,999
BJRI,999
BIS,999
BJK,999
BJAN,999
BJ,999
BIZD,999
BIV,999
BITA,999
BIT,999
BIQI,999
BIO,999
BIP,999
BIOX.W,999
BHVN,999
BILI,999
BIB,999
BICK,999
BLK,999
BLIN,999
BLHY,999
BLES,999
BL,999
BLE,999
BLDR,999
BLDP,999
BLD,999
BLCN,999
BLL,999
BLCM,999
BK$C,999
BK,999
BJUL,999
BIBL,999
BIKR,999
BIIB,999
BIG,999
BIF,999
BIDU,999
BID,999
BLBD,999
PUK$A,999
PUMP,999
PUTW,999
PRTS,999
PSA$E,999
PRTO,999
PRTK,999
PRTH,999
PRTA,999
PRIF$C,999
PRIF$B,999
PRIF$A,999
PSA$D,999
PSA$F,999
PSCE,999
PSB$U,999
PSCD,999
PSCC,999
PSC,999
PSB$Y,999
PSB$X,999
PSB$W,999
PSB$V,999
PSB,999
PRU,999
PRVB,999
PS,999
PSA,999
PTI,999
PTH,999
PTGX,999
PTF,999
PTEU,999
PTEN,999
PTCT,999
PSR,999
PTC,999
PT,999
PSA$G,999
PSXP,999
PSTI,999
PSTG,999
PST,999
PSCI,999
PSCH,999
PSCF,999
PRTY,999
PSA$C,999
PSA$B,999
PSA$A,999
PSX,999
PSA$Z,999
PSA$Y,999
PSA$X,999
PZC,999
QCRH,999
QCOM,999
QCLN,999
QBAK,999
QAT,999
QARP,999
QAI,999
QADB,999
QADA,999
PXF,999
QABA,999
PZT,999
PZN,999
PZG,999
PZD,999
PXH,999
PYX,999
PXE,999
PVH,999
PVBC,999
PVAL,999
PZZA,999
BIOX,999
PZA,999
PXI,999
PSA$W,999
PSA$V,999
PSA$U,999
PSA$H,999
PTLA,999
PSP,999
PTMC,999
PYZ,999
PYT,999
PYS,999
PTN,999
PYPL,999
PYN,999
PYDS,999
PY,999
PXUS,999
PXSV,999
PXMG,999
PXLW,999
PXLV,999
PXLG,999
PXJ,999
PYPE,999
PTIE,999
BIOS,999
BIOC,999
USVM,999
USB$P,999
USB$O,999
USB$M,999
USB$H,999
USB$A,999
UTSI,999
UTSL,999
UTX,999
UWN,999
UZB,999
UZA,999
UYM,999
UYG,999
UXIN,999
UXI,999
UWT,999
UWM,999
UUP,999
UVXY,999
UVV,999
USWS,999
USWSW,999
USX,999
UTES,999
VEA,999
VDE,999
VCYT,999
VCIT,999
VCV,999
VCTR,999
VCSH,999
VCRA,999
VCR,999
VCNX,999
UVSP,999
VCLT,999
V,999
VEEV,999
UZC,999
UTRN,999
UTMD,999
UTL,999
UTI,999
UTHR,999
UTG,999
UTF,999
VALE,999
VEAC,999
UVE,999
UUUU,999
VMM,999
VMI,999
VMC,999
VMBS,999
VLYPP,999
VLYPO,999
VLY,999
VLUE,999
VLU,999
VLT,999
VLRX,999
VLRS,999
VLO,999
VLGEA,999
VICR,999
VJET,999
VICI,999
VFMF,999
VGI,999
VGFO,999
VG,999
VMO,999
VKTXW,999
VKTX,999
VKQ,999
UUU,999
VEDL,999
VCF,999
VEGA,999
VISI,999
VEGI,999
VIXY,999
VIXM,999
VIVO,999
VIVE,999
UUUU.W,999
VIV,999
VIS,999
VICL,999
VIRT,999
VIRC,999
VIPS,999
VIOV,999
VIGI,999
VIG,999
VIDI,999
VKI,999
VISL,999
VEACU,999
VEACW,999
VEC,999
BRAC,999
BQH,999
BPY,999
BPTH,999
BPT,999
BPRN,999
BPRAP,999
BPR,999
BPOPN,999
BPOPM,999
BPOP,999
BPMX,999
BPMP,999
BPMC,999
BOE,999
BOND,999
BOCH,999
BME,999
BMLP,999
BNY,999
BML$J,999
BR,999
BPL,999
BPI,999
BPFH,999
BIO.B,999
BLNK,999
BKYI,999
BLOK,999
BOON,999
BOTZ,999
BOTJ,999
BOSS,999
BOSC,999
BOS,999
BML$H,999
BORN,999
BOOM,999
BOCT,999
BOMN,999
BOM,999
BOLD,999
BOKFL,999
BOKF,999
BOIL,999
BOH,999
BLPH,999
BOOT,999
BML$G,999
BMI,999
BMCH,999
VBTX,999
VBR,999
VBND,999
VBLT,999
VBK,999
VBIV,999
VBFC,999
VBF,999
VB,999
VAW,999
VAC,999
VAR,999
VAMO,999
VAM,999
VALX,999
VALU,999
VALQ,999
VC,999
VCEL,999
VMOT,999
VDC,999
VECO,999
VAPO,999
BIOL,999
VMW,999
BMTC,999
BMS,999
BMA,999
BLX,999
BLW,999
BLV,999
BLUE,999
BLRX,999
BMO,999
BML$L,999
BNS,999
BNTC,999
BNDW,999
BNGOW,999
BNTCW,999
BNGO,999
BNFT,999
BNED,999
BNDX,999
BNDC,999
BNSO,999
BND,999
BMY,999
BNO,999
PTE,999
PSQ,999
QD,999
FMS,999
FMO,999
FMNB,999
FMN,999
FMK,999
FMF,999
FMCIW,999
FNDE,999
FNDF,999
FNDX,999
FNF,999
FNX,999
FNWB,999
FNV,999
FNSR,999
FNLC,999
FNKO,999
FNK,999
FNJN,999
FNI,999
FNHC,999
FMCI,999
FMX,999
FN,999
FNB,999
FIXD,999
FIX,999
FIW,999
FIVN,999
FIVE,999
FISI,999
FIVA,999
FIV,999
FITBI,999
FITB,999
FNGZ,999
FIT,999
FISK,999
FLM,999
FLGE,999
FLMI,999
FMY,999
FLMN,999
FND,999
FNCL,999
FNCB,999
FNB$E,999
FISV,999
FIXX,999
FNGU,999
FNGD,999
FMAO,999
FM,999
FLY,999
FLXS,999
FMBH,999
FLWS,999
FLTW,999
FLTR,999
FLTB,999
FLT,999
FLSW,999
ZYXI,999
ZIXI,999
ZIOP,999
ZIONW,999
ZHOK,999
ZGNX,999
ZGBR,999
ZG,999
ZFGN,999
ZF,999
FMAT,999
FMB,999
FLXN,999
FLZA,999
FNG,999
FMCIU,999
FMHI,999
FMC,999
FLSA,999
FLRU,999
FLRT,999
FMBI,999
FLR,999
FLQS,999
FNGO,999
FLQG,999
FLQD,999
FLOW,999
FLOT,999
FLO,999
FLNT,999
FLN,999
FLMX,999
FLMNW,999
FLS,999
FLRN,999
FLQE,999
FIYY,999
FIZZ,999
FIVG,999
BBT$H,999
BCBP,999
BCLI,999
BCOR,999
BCOM,999
BCO,999
BCNA,999
BCML,999
BCM,999
BCD,999
BCC,999
FOANC,999
FLMB,999
FLF,999
FLEX,999
FLEU,999
FLEH,999
FLEE,999
FLDR,999
FLDM,999
FLCO,999
BCACU,999
BCOV,999
BBT$D,999
BBT$E,999
BEL,999
BEDU,999
BECN,999
BEAT,999
BCRH,999
BE,999
BCOW,999
BCACW,999
BCACR,999
BCAC,999
FLCH,999
BC$C,999
BC$A,999
BC,999
BBY,999
BBX,999
BBW,999
BBVA,999
BBUS,999
BBU,999
BBT$G,999
BBT$F,999
BC$B,999
FLCA,999
FLC,999
FLBR,999
FKU,999
FKO,999
FIDU,999
FINU,999
FILL,999
FII,999
FIHD,999
FIF,999
FIEG,999
FIEE,999
FL,999
FIDI,999
FID,999
FICO,999
FIBR,999
FIBK,999
FI,999
FHN$A,999
FHN,999
FINX,999
FIS,999
FJP,999
FINZ,999
ZEUS,999
FLGT,999
FLHY,999
FLBL,999
FLAX,999
FLAU,999
FLAT,999
FLAG,999
FLFR,999
FLGB,999
FNY,999
FLIY,999
FLLV,999
FLHK,999
FLLA,999
FLKS,999
FLKR,999
FLJP,999
FLJH,999
FLIR,999
FLGR,999
FLIO,999
FLIN,999
FLIC,999
FLIA,999
FLL,999
ZEN,999
ZEAL,999
ZDGE,999
ANDAR,999
ANDAU,999
ANIP,999
ANIK,999
ANH$C,999
ANH$B,999
ANH$A,999
ANH,999
ANGO,999
ANGL,999
ANGI,999
ANFI,999
ANF,999
ANET,999
ANDX,999
ANDE,999
ANDAW,999
AMRS,999
AHT$G,999
AMRK,999
AMEH,999
AMC,999
AMZN,999
AMRWW,999
AMRX,999
ALE,999
ALDX,999
ALDR,999
ALCO,999
AMBCW,999
ALRN,999
AMBR,999
AMTBB,999
AMZA,999
AMX,999
AMH$F,999
AMWD,999
AMU,999
AMTX,999
AMTD,999
AMTB,999
AMRN,999
AMT,999
AMSWA,999
AMSF,999
AMSC,999
AMS,999
AMUB,999
AMH$E,999
AMH$D,999
AMH,999
AMCA,999
AMCI,999
QDEF,999
PTLC,999
PSMT,999
PSMM,999
PSMG,999
PSMC,999
PSMB,999
PSLV,999
AMJL,999
PSL,999
PSJ,999
PSI,999
PSF,999
PSET,999
PSEC,999
PSDO,999
PSCU,999
PSCT,999
PSCM,999
PSO,999
PSK,999
ALEC,999
AMKR,999
AMN,999
AMGN,999
AMG,999
AMED,999
AMH$H,999
AME,999
AMD,999
AMCX,999
AMCN,999
AMCIW,999
AMRHW,999
AMLP,999
AMH$G,999
AMP,999
AMRH,999
AMRC,999
AMRB,999
AMR,999
AMPH,999
AMPE,999
AMOV,999
AMOT,999
AMNB,999
AMCIU,999
VFVA,999
ALEX,999
ALBO,999
ZNWAA,999
ANSS,999
ALL,999
ALPN,999
ALP$Q,999
ALOT,999
ALO,999
ALNY,999
ALNA,999
ALLY$A,999
ALLY,999
ALLT,999
ALLO,999
ALLK,999
ALLE,999
ALL$G,999
ALL$F,999
ALL$E,999
ALL$D,999
ALL$B,999
ALQA,999
ZNH,999
ZNGA,999
YNDX,999
ZMLP,999
ZDEU,999
ZCAN,999
ZBRA,999
ZYNE,999
ZB$G,999
ZIV,999
ZION,999
ZJPN,999
ZS,999
ZYME,999
ALRM,999
ZUO,999
ZTS,999
ZTR,999
ZKIN,999
ZSL,999
ZSAN,999
ZTO,999
ZROZ,999
ZN,999
ZLAB,999
ZOM,999
ZUMZ,999
ANIX,999
ALXN,999
AMBC,999
AKRX,999
AKR,999
AKP,999
AKO.B,999
AKO.A,999
AKG,999
AKER,999
AIV$A,999
AHT$I,999
AHT$H,999
AKS,999
ALACU,999
ALB,999
ALGN,999
ALJJ,999
ALIM,999
ALGT,999
ALGRW,999
ALGRU,999
ALGRR,999
ALGR,999
ALG,999
ALACW,999
ALFA,999
AKTS,999
AL,999
AMBA,999
AMAT,999
AMAL,999
AMAG,999
AM,999
ALYA,999
ALX,999
ALSK,999
ALV,999
ALTY,999
AKTX,999
ALTS,999
ALTM,999
ALT,999
ALSN,999
ALL$A,999
ALKS,999
AMBO,999
ALK,999
ALACR,999
ALAC,999
AL$A,999
ALTR,999
HTGC,999
VFMV,999
VFLQ,999
GF,999
GFNSL,999
GFNCP,999
GFN,999
GFIN,999
GFI,999
GFF,999
GFED,999
GEX,999
GENE,999
GEVO,999
GES,999
GERN,999
GER,999
GEOS,999
GEO,999
GENY,999
GJO,999
GHYB,999
GJR,999
GMO,999
GFY,999
GENC,999
GEMP,999
GCV$B,999
GIG,999
GIFI,999
GIB,999
GGB,999
GGAL,999
GG,999
GEC,999
GEM,999
GEL,999
GEF.B,999
GMED,999
GEF,999
GECCL,999
GECC,999
GE,999
GEN,999
GDXX,999
GDXS,999
GDXJ,999
GDV$G,999
GDV$A,999
GDL$C,999
GECCM,999
GIG.R,999
GME,999
GMAN,999
GMZ,999
GMTA,999
GMS,999
GMRE$A,999
GLQ,999
GLV,999
GLPG,999
GLG,999
GLDM,999
GLDI,999
GLDD,999
GLD,999
GLBZ,999
GLP$A,999
GLBS,999
GLADN,999
GLADD,999
GLAD,999
GLACW,999
GLACU,999
GLACR,999
GNAF,999
GNC,999
GNCA,999
GNE,999
GM.B,999
GM,999
GLYC,999
GLW,999
GLUU,999
GLU$B,999
GLU$A,999
GLU,999
GLTR,999
GLT,999
GMDA,999
GLRE,999
GMOM,999
GLPI,999
GMRE,999
GNMX,999
GNMK,999
GNMA,999
GNL$A,999
GNL,999
GNK,999
GNE$A,999
GJS,999
GIG.U,999
GIG.W,999
GIGB,999
TGI,999
TFLT,999
TGH,999
TGEN,999
TGE,999
TGC,999
TCPC,999
TFSL,999
TEI,999
TEX,999
TEDU,999
TDI,999
TDF,999
TDE,999
TDC,999
TDACW,999
TDACU,999
TDAC,999
TDA,999
TD,999
TCX,999
TGNA,999
TGP,999
TGP$A,999
TGP$B,999
TEF,999
TFCFA,999
TFCF,999
TEVA,999
TEUM,999
TETF,999
TESS,999
TERP,999
TERM,999
TER,999
TCTL,999
TEO,999
TENB,999
TEN,999
TELL,999
TEL,999
TFI,999
TFIV,999
TFLO,999
TGLS,999
TGT,999
TGS,999
TENX,999
TECS,999
TCRZ,999
TCRW,999
GGT$E,999
GGT$B,999
GGT,999
GGO$A,999
GGO,999
GGN$B,999
GGN,999
GGM,999
GGG,999
GHM,999
GGZ,999
GHY,999
GII,999
GJH,999
GIS,999
GIM,999
GILT,999
GILD,999
GIL,999
GIII,999
GIGM,999
GHYG,999
GNR,999
GLAC,999
GGZ$A,999
GHC,999
TCRR,999
TCRD,999
TDG,999
TCS,999
TDIV,999
TECH,999
TEAM,999
TDY,999
TDW.W,999
TECK,999
GH,999
TECL,999
TDJ,999
TDS,999
TDOC,999
TECD,999
GNRC,999
GJP,999
GHL,999
GHII,999
GHG,999
GHDX,999
TDTF,999
TCP,999
GKOS,999
GJT,999
SGG,999
SFBS,999
SGDJ,999
SFB,999
SEEL,999
SDPI,999
SF$B,999
SDRL,999
SDS,999
SDT,999
SDVY,999
SDY,999
SDYL,999
SE,999
SEA,999
SEAC,999
SEAS,999
SEE,999
SEED,999
SDR,999
SEF,999
SDP,999
SGMO,999
SGMS,999
SGOC,999
SFM,999
SFLY,999
SFL,999
SFIX,999
SFIG,999
SFHY,999
SFET,999
SFE,999
SGBX,999
SGDM,999
SELB,999
SFBC,999
SHE,999
SHBI,999
SHAK,999
SHAG,999
SH,999
SGZA,999
SGU,999
SGRY,999
SGRP,999
SGOL,999
SGEN,999
SFNC,999
SERV,999
SENEB,999
HIFS,999
HIFR,999
HJLIW,999
HJV,999
HMN,999
HK,999
HMLP,999
HMI,999
HMHC,999
HMG,999
HMC,999
HLX,999
HLTH,999
HLT,999
HLNE,999
HLM$,999
HLIT,999
HLI,999
HLG,999
HLF,999
HL$B,999
HIG,999
HIG$G,999
HIG.W,999
HIHO,999
SENEA,999
SEMG,999
SEM,999
SELF,999
SF,999
SESN,999
SF$A,999
SEIC,999
SES,999
HTGM,999
SENS,999
HJPX,999
HIX,999
HIW,999
HIVE,999
HIPS,999
HIO,999
HIMX,999
HILO,999
HIL,999
HIIQ,999
HII,999
HJLI,999
SFS,999
SFST,999
SFUN,999
SCIF,999
SCID,999
SCI,999
SCHZ,999
SCHX,999
SCHW$D,999
SHEN,999
SCPH,999
SCHW,999
SDAG,999
SDIV,999
SDI,999
SDGA,999
SDG,999
SDEM,999
SDD,999
SDCI,999
SD,999
SCS,999
SCZ,999
SCYX,999
SCIJ,999
SCOR,999
SCIN,999
SCIX,999
GLDW,999
GLBY,999
GLOP$C,999
GLOB,999
GLP,999
GLOW,999
GLOP$B,999
GLOP$A,999
GLOP,999
GLOG$A,999
SCX,999
GLOG,999
GLO,999
GLNG,999
SHG,999
SCIU,999
SCOM,999
SCO,999
SCM,999
SCL,999
SCKT,999
SCJ,999
GNPX,999
SCWX,999
SCVL,999
SCTO,999
SCHO,999
SCHN,999
SCHM,999
SCHL,999
SCHK,999
SCHH,999
SCHF,999
SCE$J,999
SCHE,999
SCHD,999
SCHP,999
SCHC,999
SCHA,999
SCE$L,999
SCE$K,999
SDLP,999
SCON,999
SDOW,999
SGC,999
SGB,999
SGA,999
SG,999
SCHB,999
GJV,999
SCHG,999
SCE$H,999
SCSC,999
SCHW$C,999
SCHV,999
SDOG,999
SCACW,999
SCE$D,999
SCE$C,999
SCE$B,999
SCD,999
SCCO,999
SCHR,999
SCC,999
SCACU,999
SCE$G,999
SCAC,999
SCA,999
SC,999
SBUX,999
SBT,999
SBSI,999
SB$C,999
SCE$E,999
SCAP,999
TBRG,999
TCO$K,999
TAK,999
KRNT,999
KRMA,999
KRC,999
KRA,999
KR,999
KPTI,999
KPFS,999
KOSS,999
KOS,999
KORU,999
KORP,999
KOPN,999
KOP,999
KMT,999
KONA,999
KMPH,999
KHC,999
KIM$M,999
KIM$L,999
KIM$K,999
KIM$I,999
KRNY,999
KRO,999
KOOL,999
KFFB,999
KEYS,999
KCCB,999
KF,999
KNSL,999
KOL,999
KOIN,999
KOF,999
KODK,999
KOD,999
KO,999
KIM,999
KNX,999
KMPR,999
KNOW,999
KNOP,999
KNL,999
KNG,999
KNDI,999
KN,999
KMX,999
KOLD,999
KOMP,999
KNSA,999
JSYNW,999
KIE,999
KGRN,999
EDN,999
EDIV,999
EDIT,999
EDI,999
EDF,999
EDEN,999
EDD,999
EDC,999
EDAP,999
ED,999
ECT,999
ECPG,999
ECOR,999
ECON,999
ECOM,999
ECOL,999
EDOG,999
EDOW,999
EMBH,999
EEB,999
EEMD,999
EDNT,999
ECL,999
EMCB,999
KIRK,999
KINS,999
KGJI,999
KGC,999
KFYP,999
KFY,999
KFS,999
KFRC,999
KMPA,999
KIN,999
KIM$J,999
KIDS,999
KIO,999
KIQ,999
KLXE,999
KLIC,999
KLDW,999
KMI,999
KLDO,999
KL,999
KKR$B,999
KKR$A,999
KKR,999
KLAC,999
JT,999
JTA,999
JTD,999
KBWY,999
KBWR,999
KBWP,999
KBWD,999
KBWB,999
KBSF,999
KBR,999
KBLMW,999
KBLMU,999
KBLMR,999
KBLM,999
KBH,999
KBE,999
KBAL,999
KBA,999
KB,999
KARS,999
KCAP,999
KCAPL,999
KRP,999
KEMQ,999
KEYW,999
KRYS,999
VHC,999
VGSH,999
VGK,999
VFL,999
VFH,999
VFF,999
VFC,999
VEU,999
VIAV,999
VGIT,999
VFQY,999
VGLT,999
KEY$J,999
VHT,999
VGM,999
VEON,999
VER,999
VER$F,999
VERI,999
VIA,999
VHI,999
VGR,999
VGZ,999
VGT,999
VIAB,999
KEY$I,999
KEY,999
KEX,999
JQC,999
JPXN,999
JPUS,999
JPT,999
JPST,999
JPSE,999
JSML,999
JSYNR,999
KALU,999
JW.B,999
JQUA,999
KALL,999
KAI,999
K,999
JYNT,999
JXI,999
JWN,999
JW.A,999
JSYNU,999
JVAL,999
JVA,999
JUST,999
KALA,999
EEMA,999
JSYN,999
JRO,999
KEQU,999
KEP,999
KEN,999
KEM,999
KCE,999
KELYB,999
KELYA,999
KEG,999
KE,999
KDP,999
JRI,999
KDMN,999
KAR,999
KAMN,999
KALV,999
JRJC,999
JSMD,999
JSM,999
JSD,999
JRVR,999
JRSH,999
JRS,999
KCNY,999
EEM,999
EELV,999
EEI,999
TBPH,999
TBNK,999
TBLU,999
TBLTW,999
TBLTU,999
TBLT,999
TBIO,999
TBRGW,999
TBI,999
TBF,999
TBC,999
TBBK,999
TBB,999
TAYD,999
TAXF,999
TBRGU,999
TBT,999
TCON,999
TCF$D,999
TCO$J,999
TCO,999
TGTX,999
TBK,999
TH,999
EGAN,999
EFAS,999
EFAD,999
EFA,999
EEX,999
EEV,999
EET,999
EGOV,999
EFOI,999
EFR,999
EFT,999
TCMD,999
EGBN,999
EFV,999
EFX,999
EFZ,999
EGO,999
EGLE,999
EGIF,999
EES,999
EGI,999
EGHT,999
EGF,999
EFU,999
TCLD,999
TCI,999
TCGP,999
SYRS,999
SYPR,999
SYNL,999
SYNH,999
TACT,999
TAGS,999
TAIL,999
TAIT,999
TARO,999
TAPR,999
SYV,999
TAP.A,999
TAOP,999
TAO,999
TANNZ,999
TANNL,999
TANNI,999
TANH,999
TAN,999
TALO.W,999
TALO,999
TAL,999
TAP,999
EFAV,999
SYX,999
TAST,999
TCFC,999
TCF,999
TBX,999
TCDA,999
TCCO,999
TCBK,999
TCBIP,999
TCBIL,999
TCBI,999
TC,999
SYY,999
TAWK,999
TAT,999
SZK,999
TACOW,999
TACO,999
TAC,999
TA,999
T,999
SZO,999
SZNE,999
SZC,999
TATT,999
VFMO,999
EFAX,999
EFC,999
EAE,999
EAD,999
EAB,999
EA,999
E,999
DX$A,999
EBAYL,999
EBF,999
EBIX,999
ECA,999
ECF$A,999
ECF,999
ECCY,999
ECCX,999
ECCB,999
ECCA,999
ECC,999
EC,999
EBIZ,999
EBTC,999
EBSB,999
EAF,999
EAGG,999
EAI,999
EARN,999
EEH,999
EEFT,999
EEA,999
EDTX,999
EE,999
EDZ,999
EDV,999
EDUC,999
EDU,999
EDTXW,999
EBS,999
EDTXU,999
ECHO,999
EEMS,999
ECH,999
EBAY,999
EB,999
EAT,999
EAST,999
EASI,999
EASG,999
EARS,999
ECNS,999
EBR.B,999
EBR,999
EBND,999
EMAN,999
EMAG,999
ELY,999
ELVT,999
ELU,999
ELTK,999
ELSE,999
ELS,999
ELP,999
ELOX,999
EMB,999
ELMD,999
ELLI,999
ELJ,999
EGRX,999
ELAN,999
EGP,999
EFSC,999
EFO,999
EFNL,999
EFL,999
EFF,999
ELLO,999
EFBI,999
ELGX,999
ELD,999
EBMT,999
EEMO,999
EDRY,999
EEMV,999
EIG,999
EEMX,999
EL,999
EKSO,999
EKAR,999
EIX,999
ELF,999
EIV,999
EIDX,999
EGPT,999
EIDO,999
EHTH,999
EHT,999
EHIC,999
EHI,999
EHC,999
EGY,999
ELC,999
EIS,999
USAI,999
